sku;ITEM;PX VENTA;costo;stock minimo;CATEGORIA
1-001;ACRIL10 LATEX INTERIOR EXTERIOR X 10;1331,968;688;;Duracril
1-002;ACRIL10 LATEX INTERIOR EXTERIOR X 20;1990;1292;;Duracril
1-003;ACRIL10 LATEX INTERIOR EXTERIOR X 4;801,504;414;;Duracril
11-004;AGUARRAS X 1 ;290,4;150;;Diluyentes
6-005;AMOLADORA ANGULAR BATERIA METABO W 18 LTX 125Q;48003,2923;22540,99;;Metabo
6-006;AMOLADORA ANGULAR METABO W 2200 -180;32729,11963;15368,67;;Metabo
6-007;AMOLADORA ANGULAR METABO W110-125;19637,91474;9221,41;;Metabo
6-008;AMOLADORA ANGULAR METABO W11-125 QUICK;30546,15186;14343,61;;Metabo
6-009;AMOLADORA ANGULAR METABO W24-180 MVT;48003,2923;22540,99;;Metabo
6-0010;AMOLADORA ANGULAR METABO W24-230 MVT;48003,2923;22540,99;;Metabo
6-0011;AMOLADORA ANGULAR METABO W850-125 ;16561,00477;7776,58;;Metabo
6-0012;AMOLADORA ANGULAR METABO WEBPA 17-125;56730,77643;26639,17;;Metabo
6-0013;AMOLADORA ANGULAR METABO WEQ 1400-125;26182,40979;12294,52;;Metabo
2-0014;ANTIOXIDO BLANCO TEKNO X 1;941,2832;457,6;;Tekno
2-0015;ANTIOXIDO BLANCO TEKNO X 1/2;538,5226;261,8;;Tekno
2-0016;ANTIOXIDO BLANCO TEKNO X 1/4;287,3629;139,7;;Tekno
2-0017;ANTIOXIDO BLANCO TEKNO X 4;3357,024;1632;;Tekno
2-0018;ANTIOXIDO GRIS TEKNO X 1;941,2832;457,6;;Tekno
2-0019;ANTIOXIDO GRIS TEKNO X 1/2;513,6329;249,7;;Tekno
2-0020;ANTIOXIDO GRIS TEKNO X 1/4;287,3629;139,7;;Tekno
2-0021;ANTIOXIDO GRIS TEKNO X 20;13251,194;6442;;Tekno
2-0022;ANTIOXIDO GRIS TEKNO X 4;2943,567;1431;;Tekno
2-0023;ANTIOXIDO NEGRO TEKNO X 1;822,88228;400,04;;Tekno
2-0024;ANTIOXIDO NEGRO TEKNO X 1/2;448,0146;217,8;;Tekno
2-0025;ANTIOXIDO NEGRO TEKNO X 1/4;273,60157;133,01;;Tekno
2-0026;ANTIOXIDO NEGRO TEKNO X 20;12467,477;6061;;Tekno
2-0027;ANTIOXIDO NEGRO TEKNO X 4;5029,365;2445;;Tekno
2-0028;ANTIOXIDO ROJO OXIDO TEKNO X 1;823,6228;400,4;;Tekno
2-0029;ANTIOXIDO ROJO OXIDO TEKNO X 1/2;448,0146;217,8;;Tekno
2-0030;ANTIOXIDO ROJO OXIDO TEKNO X 4;5029,365;2445;;Tekno
2-0031;ANTIOXIDO ROJO TEKNO X 1/4;273,7867;133,1;;Tekno
6-0032;ATORNILLADOR METABO SE 2500;61200,4448;28738;;Metabo
12-0033;BANDEJA DE COLGAR ;435,6;120;;Accesorios
12-0034;BANDEJA PINTOR PLANA CHICA  ;82,28;34;;Accesorios
12-0035;BANDEJA PINTOR PLANA GRANDE ;195,415;95;;Accesorios
2-0036;BARNIZ SINTETICO TEKNO X 1;821,3601;399,3;;Tekno
2-0037;BARNIZ SINTETICO TEKNO X 1/2;445,7519;216,7;;Tekno
2-0038;BARNIZ SINTETICO TEKNO X 1/4;287,3629;139,7;;Tekno
2-0039;BASE D LATEX FRENTE TEKNO X 1;0;;;Tekno
2-0040;BASE D LATEX FRENTE TEKNO X 10;0;;;Tekno
2-0041;BASE D LATEX FRENTE TEKNO X 20;0;;;Tekno
2-0042;BASE D LATEX FRENTE TEKNO X 4;0;;;Tekno
2-0043;BASE D LATEX TEKNO X 1;0;;;Tekno
2-0044;BASE D LATEX TEKNO X 20;0;;;Tekno
2-0045;BASE D SINTETICO BRILLANTE TEKNO X 1;0;;;Tekno
2-0046;BASE D SINTETICO BRILLANTE TEKNO X 4;0;;;Tekno
2-0047;BASE N LATEX TEKNO X 1;0;;;Tekno
2-0048;BASE N LATEX TEKNO X 10;0;;;Tekno
2-0049;BASE N LATEX TEKNO X 20;0;;;Tekno
2-0050;BASE N LATEX TEKNO X 4;0;;;Tekno
2-0051;BASE N SINTETICO SATINADO TEKNO X 1;0;;;Tekno
6-0052;BATERIA METABO LiHD 18V - 4,0Ah;16819,26136;7897,85;;Metabo
6-0053;BATERIA METABO LiHD 18V - 5,5Ah;30020,82213;14096,93;;Metabo
6-0054;BATERIA METABO LiHD 18V - 8,0Ah;40551,60894;19041,89;;Metabo
12-0055;BULIT CUTTER PROFESIONAL SERIE 500;1790,8;925;;Accesorios
12-0056;BULIT CUTTER REFORZADO SERIE 500;909,92;470;;Accesorios
12-0057;"BULIT ESPATULA FLEXIBLE 1""";484;250;;Accesorios
12-0058;"BULIT ESPATULA FLEXIBLE 1,5""";503,36;260;;Accesorios
12-0059;"BULIT ESPATULA FLEXIBLE 2""";561,44;290;;Accesorios
12-0060;"BULIT ESPATULA FLEXIBLE 3""";638,88;330;;Accesorios
12-0061;"BULIT ESPATULA FLEXIBLE 4""";716,32;370;;Accesorios
6-0062;CAJA PUNTAS METABO LC 32 PIEZAS ;2067,09624;970,65;;Metabo
6-0063;CARGADOR RAPIDO METABO ASC 55-36V, 230V;7072,039568;3320,83;;Metabo
12-0064;CARRETILLA ESTANDAR AZUL;4500;;;Accesorios
12-0065;CARRETILLA REFORZADA CHAPA 16;10000;;;Accesorios
12-0066;CINTA DE PAPEL 24 MM X 40 M;300,08;155;;Accesorios
12-0067;CINTA DE PAPEL 48 MM X 45 M;600,16;310;;Accesorios
12-0068;CINTA PAPEL BLANCA AUTOMOTOR 36 MM X 50 M;447,85488;231,33;;Accesorios
12-0069;CINTA PAPEL OBRA AZUL 18 MM X 50 M;250,65392;129,47;;Accesorios
1-0070;COATING PISCINA AZUL DURACRIL X 1;995,104;514;;Duracril
1-0071;COATING PISCINA AZUL DURACRIL X 10;9312,039;4527;;Duracril
1-0072;COATING SELLADOR FIJADOR AL AGUA X 4;802,23;390;;Duracril
1-0073;COLORDINA FIJADOR SELLADOR X 1;380,545;185;;Duracril
1-0074;COLORDINA FIJADOR SELLADOR X 20;4410,208;2144;;Duracril
1-0075;COLORDINA LATEX INTERIOR EXTERIOR BLANCO X 1 ;449,152;232;;Duracril
1-0076;COLORDINA LATEX INTERIOR EXTERIOR BLANCO X 10;2423,872;1252;;Duracril
1-0077;COLORDINA LATEX INTERIOR EXTERIOR BLANCO X 20;4500;2421;;Duracril
1-0078;COLORDINA LATEX INTERIOR EXTERIOR BLANCO X 4;1401,664;724;;Duracril
1-0079;COLORDINA MASILLA PARA PLACA DE YESO X 15;2108,304;1089;;Duracril
1-0080;COLORDINA MEMBRANA ELASTOMERICA X 10;3600,96;1860;;Duracril
1-0081;COLORDINA MEMBRANA ELASTOMERICA X 20;4500;2625;;Duracril
1-0082;COLORDINA MEMBRANA ELASTOMERICA X 4;1899,7;785;;Duracril
2-0083;CONCENTRADO PARA MAQUINA AMARILLO;0;;;Tekno
2-0084;CONCENTRADO PARA MAQUINA AMARILLO MEDIO;0;;;Tekno
2-0085;CONCENTRADO PARA MAQUINA BEIGE;0;;;Tekno
2-0086;CONCENTRADO PARA MAQUINA MAGENTA ;0;;;Tekno
2-0087;CONVERTIDOR DE OXIDO TEKNO X 1;1860,738;512,6;;Tekno
2-0088;CONVERTIDOR DE OXIDO TEKNO X 1/2;652,19;269,5;;Tekno
2-0089;CONVERTIDOR DE OXIDO TEKNO X 1/4;724,064;299,2;;Tekno
2-0090;CONVERTIDOR DE OXIDO TEKNO X 4;6675,57;1839;;Tekno
1-0091;CONVERTIDOR SINTETICO DE OXIDO 3 EN 1 NEGRO SINTECRIN X 20;34891,56;9612;;Duracril
6-0092;CORTADORA SENSITIVA METABO CS 23-355;42477,11582;21841,38;;Metabo
6-0093;DISCO DE CORTE DIAMANTADO METABO SP115X22,23;897,690288;421,53;;Metabo
6-0094;DISCO DE CORTE DIAMANTADO METABO SP180X22,23;2390,454704;1122,49;;Metabo
6-0095;DISCO DE CORTE DIAMANTADO METABO SP230X22,23;3133,408256;1471,36;;Metabo
6-0096;DISCO METABO LE SOCCER 115 X 1 INOX X 100 UNIDADES;155,396912;72,97;;Metabo
6-0097;DISCO NOVOFLEX METABO 115X6X22,2 X 25 UNIDADES;284,961776;133,81;;Metabo
6-0098;DISCO NOVOFLEX METABO 180X6X22,2 X 10 UNIDADES;510,976224;239,94;;Metabo
1-0099;DURACRIL ALTA TEMPERATURA HASTA 200°  X 1 BLANCO;1160,55456;599,46;;Duracril
1-00100;DURACRIL ALTA TEMPERATURA HASTA 200°  X 1 BLANCO MATE;1160,55456;599,46;;Duracril
1-00101;DURACRIL ALTA TEMPERATURA HASTA 200°  X 1 BLANCO SATINADO;1160,55456;599,46;;Duracril
1-00102;DURACRIL ALTA TEMPERATURA HASTA 200°  X 1 NEGRO MATE;1160,55456;599,46;;Duracril
1-00103;DURACRIL ALTA TEMPERATURA HASTA 200°  X 1 NEGRO SATINADO;1160,55456;599,46;;Duracril
1-00104;DURACRIL ALTA TEMPERATURA HASTA 200° 1/2 BLANCO;688,36416;355,56;;Duracril
1-00105;DURACRIL ALTA TEMPERATURA HASTA 200° 1/2 BLANCO MATE;688,36416;355,56;;Duracril
1-00106;DURACRIL ALTA TEMPERATURA HASTA 200° 1/2 BLANCO SATINADO;688,36416;355,56;;Duracril
1-00107;DURACRIL ALTA TEMPERATURA HASTA 200° 1/2 NEGRO;688,36416;355,56;;Duracril
1-00108;DURACRIL ALTA TEMPERATURA HASTA 200° 1/4 BLANCO ;413,9168;213,8;;Duracril
1-00109;DURACRIL ALTA TEMPERATURA HASTA 200° 1/4 BLANCO MATE;413,9168;213,8;;Duracril
1-00110;DURACRIL ALTA TEMPERATURA HASTA 200° 1/4 BLANCO SATINADO;413,9168;213,8;;Duracril
1-00111;DURACRIL ALTA TEMPERATURA HASTA 200° 1/4 NEGRO;413,9168;213,8;;Duracril
1-00112;DURACRIL ALTA TEMPERATURA HASTA 200° 1/4 NEGRO SATINADO;413,9168;213,8;;Duracril
1-00113;DURACRIL ALTA TEMPERATURA HASTA 200° NEGRO MATE X 4 ;4500,01904;2324,39;;Duracril
1-00114;DURACRIL ALTA TEMPERATURA HASTA 200° NEGRO SATINADO X 1/2;688,36416;355,56;;Duracril
1-00115;DURACRIL ALTA TEMPERATURA HASTA 200° NEGRO X 1;1160,55456;599,46;;Duracril
1-00116;DURACRIL BASE ACUOSA PROTECTOR LADRILLO X 20;16228,52;6706;;Duracril
1-00117;DURACRIL ENDUIDO INTERIOR/EXTERIOR X 1;751,41;207;;Duracril
1-00118;DURACRIL ENDUIDO INTERIOR/EXTERIOR X 4;1651,65;455;;Duracril
1-00119;DURACRIL ENDUIDO X 10 ;3542,88;1464;;Duracril
1-00120;DURACRIL ENDUIDO X 20;10214,82;2814;;Duracril
1-00121;DURACRIL ENTONADOR UNIVERSAL AMARILLO X 120;254,1;105;;Duracril
1-00122;DURACRIL ENTONADOR UNIVERSAL AZUL X 120;254,1;105;;Duracril
1-00123;DURACRIL ENTONADOR UNIVERSAL AZUL X 30;124,5695;29;;Duracril
1-00124;DURACRIL ENTONADOR UNIVERSAL BERMELLON X 30 ;124,5695;29;;Duracril
1-00125;DURACRIL ENTONADOR UNIVERSAL BERMELLONX 120;254,1;105;;Duracril
1-00126;DURACRIL ENTONADOR UNIVERSAL CEDRO X 120;254,1;105;;Duracril
1-00127;DURACRIL ENTONADOR UNIVERSAL CEDRO X 30;124,5695;29;;Duracril
1-00128;DURACRIL ENTONADOR UNIVERSAL NARANJA X 120;254,1;105;;Duracril
1-00129;DURACRIL ENTONADOR UNIVERSAL NEGRO X 120;254,1;105;;Duracril
1-00130;DURACRIL ENTONADOR UNIVERSAL NEGRO X 30;124,5695;29;;Duracril
1-00131;DURACRIL ENTONADOR UNIVERSAL NRANJA X 30;124,5695;29;;Duracril
1-00132;DURACRIL ENTONADOR UNIVERSAL OCRE  X 30;124,5695;29;;Duracril
1-00133;DURACRIL ENTONADOR UNIVERSAL OCRE X 120;254,1;105;;Duracril
1-00134;DURACRIL ENTONADOR UNIVERSAL SIENA  X 30;124,5695;29;;Duracril
1-00135;DURACRIL ENTONADOR UNIVERSAL VERDE CLARO X 30;124,5695;29;;Duracril
1-00136;DURACRIL ENTONADOR UNIVERSAL VERDE OSCURO X 120;254,1;105;;Duracril
1-00137;DURACRIL ENTONADOR UNIVERSAL VERDE OSCURO X 30;124,5695;29;;Duracril
1-00138;DURACRIL ENTONADOR UNIVERSAL VIOLETA X 120;254,1;105;;Duracril
1-00139;DURACRIL ENTONADOR UNIVERSAL VIOLETA X 30;124,5695;29;;Duracril
1-00140;DURACRIL ENTONADOR UNIVERSAL X 120 AMARILLO;254,1;105;;Duracril
1-00141;DURACRIL ENTONADOR UNIVERSAL X 120 AZUL ;254,1;105;;Duracril
1-00142;DURACRIL ENTONADOR UNIVERSAL X 120 BERMELLON;254,1;105;;Duracril
1-00143;DURACRIL ENTONADOR UNIVERSAL X 120 CEDRO;254,1;105;;Duracril
1-00144;DURACRIL ENTONADOR UNIVERSAL X 120 NARANJA;254,1;105;;Duracril
1-00145;DURACRIL ENTONADOR UNIVERSAL X 120 NEGRO;254,1;105;;Duracril
1-00146;DURACRIL ENTONADOR UNIVERSAL X 120 VERDE CLARO;254,1;105;;Duracril
1-00147;DURACRIL ENTONADOR UNIVERSAL X 120 VERDE OSCURO;254,1;105;;Duracril
1-00148;DURACRIL ENTONADOR UNIVERSAL X 120 VIOLETA;254,1;105;;Duracril
1-00149;DURACRIL ENTONADOR UNIVERSAL X 30 AMARILLO ;124,5695;29;;Duracril
1-00150;DURACRIL ENTONADOR UNIVERSAL X 30 AZUL;124,5695;29;;Duracril
1-00151;DURACRIL ENTONADOR UNIVERSAL X 30 BERMELLON;124,5695;29;;Duracril
1-00152;DURACRIL ENTONADOR UNIVERSAL X 30 CEDRO;124,5695;29;;Duracril
1-00153;DURACRIL ENTONADOR UNIVERSAL X 30 MARRON;124,5695;29;;Duracril
1-00154;DURACRIL ENTONADOR UNIVERSAL X 30 NARANJA;124,5695;29;;Duracril
1-00155;DURACRIL ENTONADOR UNIVERSAL X 30 NEGRO;124,5695;29;;Duracril
1-00156;DURACRIL ENTONADOR UNIVERSAL X 30 OCRE;124,5695;29;;Duracril
1-00157;DURACRIL ENTONADOR UNIVERSAL X 30 SIENA;124,5695;29;;Duracril
1-00158;DURACRIL ENTONADOR UNIVERSAL X 30 VERDE CLARO;124,5695;29;;Duracril
1-00159;DURACRIL ENTONADOR UNIVERSAL X 30 VERDE OSCURO;124,5695;29;;Duracril
1-00160;DURACRIL ENTONADOR UNIVERSAL X 30 VIOLETA ;124,5695;29;;Duracril
1-00161;DURACRIL ESMALTE CONVERTIDOR VERDE PIZARRON X 1 ;1504,272;777;;Duracril
1-00162;DURACRIL ESMALTE FERROMICACEO GRAFITO X 4;7927,92;4095;;Duracril
1-00163;DURACRIL ESMALTE FERROMICACEO PLATA X 4;7927,92;4095;;Duracril
1-00164;DURACRIL ESMALTE PARA PISOS GRIS X 1;1097,712;567;;Duracril
1-00165;DURACRIL ESMALTE PARA PISOS GRIS X 4;3990,096;2061;;Duracril
1-00166;DURACRIL ESMALTE PARA PISOS NEGRO X 1;1097,712;567;;Duracril
1-00167;DURACRIL ESMALTE PARA PISOS NEGRO X 10;9792,288;5058;;Duracril
1-00168;DURACRIL ESMALTE PARA PISOS NEGRO X 4;3990,096;2061;;Duracril
1-00169;DURACRIL ESMALTE PARA PISOS ROJO X 1;1097,712;567;;Duracril
1-00170;DURACRIL ESMALTE PARA PISOS ROJO X 4;3990,096;2061;;Duracril
1-00171;DURACRIL ESMALTE PARA PISOS VERDE X 1;1097,712;567;;Duracril
1-00172;DURACRIL ESMALTE PARA PISOS VERDE X 10;9792,288;5058;;Duracril
1-00173;DURACRIL ESMALTE PARA PISOS VERDE X 4;3990,096;2061;;Duracril
1-00174;DURACRIL ESMALTE SINTETICO BRILLANTE VIAL AMARILLO X 10;17598,24;9090;;Duracril
1-00175;DURACRIL ESMALTE SINTETICO BRILLANTE VIAL AMARILLO X 20;33498,608;17303;;Duracril
1-00176;DURACRIL ESMALTE SINTETICO BRILLANTE VIAL AMARILLO X 4;7048,976;3641;;Duracril
1-00177;DURACRIL ESMALTE SINTETICO BRILLANTE VIAL BLANCO X 10;17598,24;9090;;Duracril
1-00178;DURACRIL ESMALTE SINTETICO BRILLANTE VIAL BLANCO X 20;33498,608;17303;;Duracril
1-00179;DURACRIL ESMALTE SINTETICO BRILLANTE VIAL BLANCO X 4;7048,976;3641;;Duracril
1-00180;DURACRIL LATEX CLASSIC LAVABLE BLANCO X 1;613,712;317;;Duracril
1-00181;DURACRIL LATEX CLASSIC LAVABLE BLANCO X 10;4960,032;2562;;Duracril
1-00182;DURACRIL LATEX CLASSIC LAVABLE BLANCO X 20;9697,424;5009;;Duracril
1-00183;DURACRIL LATEX CLASSIC LAVABLE BLANCO X 4;2056,032;1062;;Duracril
1-00184;DURACRIL LATEX COLOR  AMARILLO GIRASOL X 10;6518,512;3367;;Duracril
1-00185;DURACRIL LATEX COLOR  AMARILLO GIRASOL X 4;3943,38032;2036,87;;Duracril
1-00186;DURACRIL LATEX COLOR  AMARILLO MATINAL X 4;2704,592;1397;;Duracril
1-00187;DURACRIL LATEX COLOR  AMARILLO OTOÑAL X 1;778,272;402;;Duracril
1-00188;DURACRIL LATEX COLOR  AMARILLO X 1;1095,776;566;;Duracril
1-00189;DURACRIL LATEX COLOR  AMARILLO X 4;3980,416;2056;;Duracril
1-00190;DURACRIL LATEX COLOR  AZUL OCEANO X 4;3980,416;2056;;Duracril
1-00191;DURACRIL LATEX COLOR  AZUL VELEZ X 1 ;1095,776;566;;Duracril
1-00192;DURACRIL LATEX COLOR  AZUL VELEZ X 4;3980,416;2056;;Duracril
1-00193;DURACRIL LATEX COLOR  AZUL X 1;3980,416;2056;;Duracril
1-00194;DURACRIL LATEX COLOR  AZUL X 20;19319,344;9979;;Duracril
1-00195;DURACRIL LATEX COLOR  AZUL X 4;3980,416;2056;;Duracril
1-00196;DURACRIL LATEX COLOR  BERMELLON X 10;6519,78976;3367,66;;Duracril
1-00197;DURACRIL LATEX COLOR  BERMELLON X 4;2704,592;1397;;Duracril
1-00198;DURACRIL LATEX COLOR  BORGOÑA X 10;4596,97392;2374,47;;Duracril
1-00199;DURACRIL LATEX COLOR  BORGOÑA X 4 ;1928,256;996;;Duracril
1-00200;DURACRIL LATEX COLOR  ESCARLATA X 4;2704,592;1397;;Duracril
1-00201;DURACRIL LATEX COLOR  GRIS CEMENTO X 4 ;1928,256;996;;Duracril
1-00202;DURACRIL LATEX COLOR  LILA X 4;2704,592;1397;;Duracril
1-00203;DURACRIL LATEX COLOR  MARRON X 4 ;2532,288;1308;;Duracril
1-00204;DURACRIL LATEX COLOR  MOSTAZA X 1 ;769,6568;397,55;;Duracril
1-00205;DURACRIL LATEX COLOR  MOSTAZA X 10;6519,78976;3367,66;;Duracril
1-00206;DURACRIL LATEX COLOR  MOSTAZA X 4;3261,11456;1684,46;;Duracril
1-00207;DURACRIL LATEX COLOR  NARANJA AMANECER X 4;3980,416;2056;;Duracril
1-00208;DURACRIL LATEX COLOR  NARANJA X 1;1095,776;566;;Duracril
1-00209;DURACRIL LATEX COLOR  NARANJA X 4;3980,416;2056;;Duracril
1-00210;DURACRIL LATEX COLOR  OCRE X 4;2532,288;1308;;Duracril
1-00211;DURACRIL LATEX COLOR  ROJO CERAMICO  X 1 ;582,736;301;;Duracril
1-00212;DURACRIL LATEX COLOR  TURQUESA X 4;2704,592;1397;;Duracril
1-00213;DURACRIL LATEX COLOR  VERDE FORESTA X 4;1928,256;996;;Duracril
1-00214;DURACRIL LATEX COLOR  VERDE MANZANA X 4;2704,592;1397;;Duracril
1-00215;DURACRIL LATEX COLOR  VERDE ZAFARI X 4;1928,256;996;;Duracril
1-00216;DURACRIL LATEX COLOR  VIOLETA X 1;776,336;401;;Duracril
1-00217;DURACRIL LATEX COLOR  VIOLETA X 4;2704,592;1397;;Duracril
1-00218;DURACRIL LATEX COLOR AMARILLO MATINAL X 1;776,336;401;;Duracril
1-00219;DURACRIL LATEX COLOR AMARILLO MATINAL X 10;6582,4;3400;;Duracril
1-00220;DURACRIL LATEX COLOR AZUL OCEANO X 1;1095,776;566;;Duracril
1-00221;DURACRIL LATEX COLOR AZUL OCEANO X 10;9769,056;5046;;Duracril
1-00222;DURACRIL LATEX COLOR BERMELLON X 1;776,336;401;;Duracril
1-00223;DURACRIL LATEX COLOR BERMELLON X 10;6582,4;3400;;Duracril
1-00224;DURACRIL LATEX COLOR BORGOÑA X 1;582,736;301;;Duracril
1-00225;DURACRIL LATEX COLOR BORGOÑA X 10;4640,592;2397;;Duracril
1-00226;DURACRIL LATEX COLOR ESCARLATA X 1;776,336;401;;Duracril
1-00227;DURACRIL LATEX COLOR ESCARLATA X 10;6582,4;3400;;Duracril
1-00228;DURACRIL LATEX COLOR FUCSIA X 1;776,336;401;;Duracril
1-00229;DURACRIL LATEX COLOR FUCSIA X 10;6582,4;3400;;Duracril
1-00230;DURACRIL LATEX COLOR GRIS CEMENTO X 1;582,736;301;;Duracril
1-00231;DURACRIL LATEX COLOR GRIS CEMENTO X 10;4640,592;2397;;Duracril
1-00232;DURACRIL LATEX COLOR GRIS X 1;582,736;301;;Duracril
1-00233;DURACRIL LATEX COLOR GRIS X 10;4640,592;2397;;Duracril
1-00234;DURACRIL LATEX COLOR GRIS X 4 ;1928,256;996;;Duracril
1-00235;DURACRIL LATEX COLOR LILA X 1;776,336;401;;Duracril
1-00236;DURACRIL LATEX COLOR LILA X 10;6582,4;3400;;Duracril
1-00237;DURACRIL LATEX COLOR MARRON X 1;741,488;383;;Duracril
1-00238;DURACRIL LATEX COLOR MARRON X 10;6131,312;3167;;Duracril
1-00239;DURACRIL LATEX COLOR NARANJA AMANECER X 1;1095,776;566;;Duracril
1-00240;DURACRIL LATEX COLOR NARANJA AMANECER X 10;9769,056;5046;;Duracril
1-00241;DURACRIL LATEX COLOR NEGRO X 1;741,488;383;;Duracril
1-00242;DURACRIL LATEX COLOR NEGRO X 4;2532,288;1308;;Duracril
1-00243;DURACRIL LATEX COLOR OCRE X 1;741,488;383;;Duracril
1-00244;DURACRIL LATEX COLOR OCRE X 10;6131,312;3167;;Duracril
1-00245;DURACRIL LATEX COLOR OCRE X 4;1911,19984;987,19;;Duracril
1-00246;DURACRIL LATEX COLOR ROJO CERAMICO X 4;1928,256;996;;Duracril
1-00247;DURACRIL LATEX COLOR ROJO TEJA X 1;776,336;401;;Duracril
1-00248;DURACRIL LATEX COLOR ROJO TEJA X 10;6993,8;3400;;Duracril
1-00249;DURACRIL LATEX COLOR ROJO TEJA X 4;2704,592;1397;;Duracril
1-00250;DURACRIL LATEX COLOR TURQUESA X 1;776,336;401;;Duracril
1-00251;DURACRIL LATEX COLOR TURQUESA X 10;6582,4;3400;;Duracril
1-00252;DURACRIL LATEX COLOR VERDE FORESTA X 1;582,736;301;;Duracril
1-00253;DURACRIL LATEX COLOR VERDE FORESTA X 10;4640,592;2397;;Duracril
1-00254;DURACRIL LATEX COLOR VERDE MANZANA X 1;776,336;401;;Duracril
1-00255;DURACRIL LATEX COLOR VERDE MANZANA X 10;6582,4;3400;;Duracril
1-00256;DURACRIL LATEX COLOR VERDE SAFARI X 1;582,736;301;;Duracril
1-00257;DURACRIL LATEX COLOR VERDE SAFARI X 10;4640,592;2397;;Duracril
1-00258;DURACRIL LATEX PREMIUM LAVABLE BLANCO X 1;1002,848;518;;Duracril
1-00259;DURACRIL LATEX PREMIUM LAVABLE BLANCO X 10;8605,52;4445;;Duracril
1-00260;DURACRIL LATEX PREMIUM LAVABLE BLANCO X 20;16945,808;8753;;Duracril
1-00261;DURACRIL LATEX PREMIUM LAVABLE BLANCO X 4;3749,911;1823;;Duracril
1-00262;DURACRIL LATEX PRO EXTERIOR BLANCO X 4;1954,15;950;;Duracril
1-00263;DURACRIL LATEX PRO LAVABLE BLANCO X 10;4692,017;2281;;Duracril
1-00264;DURACRIL LATEX PRO LAVABLE BLANCO X 20;9149,536;4448;;Duracril
1-00265;DURACRIL LATEX WORK LAVABLE X 10;3881,559;1887;;Duracril
1-00266;DURACRIL LATEX WORK LAVABLE X 20;5496,304;2672;;Duracril
1-00267;DURACRIL LATEX WORK LAVABLE X 4;1629,144;792;;Duracril
1-00268;DURACRIL MEMBRANA EN PASTA BLANCO X 10;6514,519;3167;;Duracril
1-00269;DURACRIL MEMBRANA EN PASTA BLANCO X 20;8500;4533;;Duracril
1-00270;DURACRIL MEMBRANA EN PASTA BLANCO X 4;2690,556;1308;;Duracril
1-00271;DURACRIL MEMBRANA EN PASTA POLIURETANICA BLANCO X 10;4897,717;2381;;Duracril
1-00272;DURACRIL MEMBRANA EN PASTA POLIURETANICA BLANCO X 20;5900;3385;;Duracril
1-00273;DURACRIL MEMBRANA EN PASTA POLIURETANICA BLANCO X 4;2486,913;1209;;Duracril
1-00274;DURACRIL PRORECTOR SILICONADO BILCRIN LADRILLO INCOLORO X 10;8304,109;4037;;Duracril
1-00275;DURACRIL PROTECTOR LADRILLO BASE ACUOSA X 10 ;7355,832;3576;;Duracril
1-00276;DURACRIL PROTECTOR LADRILLO BASE ACUOSA X 20;16532,109;8037;;Duracril
1-00277;DURACRIL PROTECTOR LADRILLO BASE ACUOSA X 4;3114,298;1514;;Duracril
1-00278;DURACRIL PROTECTOR SILICONADO BILCRIN LADRILLO INCOLORO X 20;16532,109;8037;;Duracril
2-00279;ESMALTE EPOXI CON SOLVENTE AMARILLO TEKNO X 4;8232,114;4002;;Tekno
2-00280;ESMALTE EPOXI CON SOLVENTE BLANCO TEKNO X 1;2161,907;1051;;Tekno
2-00281;ESMALTE EPOXI CON SOLVENTE BLANCO TEKNO X 4;8232,114;4002;;Tekno
2-00282;ESMALTE EPOXI CON SOLVENTE NEGRO TEKNO X 1;2161,907;1051;;Tekno
2-00283;ESMALTE EPOXI CON SOLVENTE NEGRO TEKNO X 4;8232,114;4002;;Tekno
12-00284;ESCALERA ALUMINIO 3 ESCALONES;5154,842;2506;;Accesorios
12-00285;ESCALERA ALUMINIO 4 ESCALONES;6323,218;3074;;Accesorios
12-00286;ESCALERA ALUMINIO 5 ESCALONES;7281,78;3540;;Accesorios
12-00287;ESCALERA ALUMINIO 6 ESCALONES;8715,509;4237;;Accesorios
12-00288;ESCALERA ALUMINIO 7 ESCALONES;10046,388;4884;;Accesorios
12-00289;ESCALERA ALUMINIO 8 ESCALONES;11111,914;5402;;Accesorios
12-00290;ESCALERA FAMILIAR 6 PELDAÑOS;4735,214;2302;;Accesorios
12-00291;ESCALERA FAMILIAR 7 PELDAÑOS;5560,071;2703;;Accesorios
12-00292;ESCALERA FAMILIAR 8 PELDAÑOS;6448,695;3135;;Accesorios
12-00293;ESCALERA FAMILIAR 9 PELDAÑOS;7252,982;3526;;Accesorios
12-00294;ESCALERA PINTOR 6 PELDAÑOS;6730,504;3272;;Accesorios
12-00295;ESCALERA PINTOR 7 PELDAÑOS;7855,683;3819;;Accesorios
12-00296;ESCALERA PINTOR 8 PELDAÑOS;8972,634;4362;;Accesorios
12-00297;ESCALERA PINTOR 9 PELDAÑOS;10099,87;4910;;Accesorios
1-00298;ESMALTE FERROMICACEO GRAFITO X 1;2480,742;1206;;Duracril
1-00299;ESMALTE FERROMICACEO PLATA X 1 ;2480,742;1206;;Duracril
2-00300;ESMALTE POLIURETANO BLANCO TEKNO X 1;1878,041;913;;Tekno
2-00301;ESMALTE SINTETICO TEKNO AMAPOLA X 1;1196,9683;581,9;;Tekno
2-00302;ESMALTE SINTETICO TEKNO AMAPOLA X 1/2;653,9203;317,9;;Tekno
2-00303;ESMALTE SINTETICO TEKNO AMAPOLA X 1/4;348,4558;169,4;;Tekno
2-00304;ESMALTE SINTETICO TEKNO AMARILLO CROMO X 1;1196,9683;581,9;;Tekno
2-00305;ESMALTE SINTETICO TEKNO AMARILLO CROMO X 1/2;653,9203;317,9;;Tekno
2-00306;ESMALTE SINTETICO TEKNO AMARILLO CROMO X 1/4;348,4558;169,4;;Tekno
2-00307;ESMALTE SINTETICO TEKNO AMARILLO MEDIANO X 1;1196,9683;581,9;;Tekno
2-00308;ESMALTE SINTETICO TEKNO AMARILLO MEDIANO X 1/2;653,9203;317,9;;Tekno
2-00309;ESMALTE SINTETICO TEKNO AMARILLO MEDIANO X 1/4;348,4558;169,4;;Tekno
2-00310;ESMALTE SINTETICO TEKNO AMARILLO OCRE X 1;941,2832;457,6;;Tekno
2-00311;ESMALTE SINTETICO TEKNO AMARILLO OCRE X 1/2;538,5226;261,8;;Tekno
2-00312;ESMALTE SINTETICO TEKNO AMARILLO OCRE X 1/4;287,3629;139,7;;Tekno
2-00313;ESMALTE SINTETICO TEKNO AVELLANA X 1;1049,8928;510,4;;Tekno
2-00314;ESMALTE SINTETICO TEKNO AVELLANA X 1/2;549,8361;267,3;;Tekno
2-00315;ESMALTE SINTETICO TEKNO AVELLANA X 1/4;314,5153;152,9;;Tekno
2-00316;ESMALTE SINTETICO TEKNO AZUL MARINO X 1;1049,8928;510,4;;Tekno
2-00317;ESMALTE SINTETICO TEKNO AZUL MARINO X 1/2;549,8361;267,3;;Tekno
2-00318;ESMALTE SINTETICO TEKNO AZUL MARINO X 1/4;314,5153;152,9;;Tekno
2-00319;ESMALTE SINTETICO TEKNO AZUL X 1;1049,8928;510,4;;Tekno
2-00320;ESMALTE SINTETICO TEKNO AZUL X 1/2;549,8361;267,3;;Tekno
2-00321;ESMALTE SINTETICO TEKNO AZUL X 1/4;314,5153;152,9;;Tekno
2-00322;ESMALTE SINTETICO TEKNO BEIGE X 1;1049,8928;510,4;;Tekno
2-00323;ESMALTE SINTETICO TEKNO BEIGE X 1/2;549,8361;267,3;;Tekno
2-00324;ESMALTE SINTETICO TEKNO BEIGE X 1/4;314,5153;152,9;;Tekno
2-00325;ESMALTE SINTETICO TEKNO BERMELLON X 1;1196,9683;581,9;;Tekno
2-00326;ESMALTE SINTETICO TEKNO BERMELLON X 1/2;653,9203;317,9;;Tekno
2-00327;ESMALTE SINTETICO TEKNO BERMELLON X 1/4;348,4558;169,4;;Tekno
2-00328;ESMALTE SINTETICO TEKNO BLANCO ESPUMA X 1;1049,8928;510,4;;Tekno
2-00329;ESMALTE SINTETICO TEKNO BLANCO ESPUMA X 1/2;549,8361;267,3;;Tekno
2-00330;ESMALTE SINTETICO TEKNO BLANCO ESPUMA X 1/4;314,5153;152,9;;Tekno
2-00331;ESMALTE SINTETICO TEKNO BLANCO SATINADO X 1;1196,9683;581,9;;Tekno
2-00332;ESMALTE SINTETICO TEKNO BLANCO SATINADO X 1/2;653,9203;317,9;;Tekno
2-00333;ESMALTE SINTETICO TEKNO BLANCO SATINADO X 1/4;348,4558;169,4;;Tekno
2-00334;ESMALTE SINTETICO TEKNO BLANCO X 1;1196,9683;581,9;;Tekno
2-00335;ESMALTE SINTETICO TEKNO BLANCO X 1/2;653,9203;317,9;;Tekno
2-00336;ESMALTE SINTETICO TEKNO BLANCO X 1/4;348,4558;169,4;;Tekno
2-00337;ESMALTE SINTETICO TEKNO BRONCE COLONIAL X 1;1049,8928;510,4;;Tekno
2-00338;ESMALTE SINTETICO TEKNO BRONCE COLONIAL X 1/2;549,8361;267,3;;Tekno
2-00339;ESMALTE SINTETICO TEKNO BRONCE COLONIAL X 1/4;314,5153;152,9;;Tekno
2-00340;ESMALTE SINTETICO TEKNO CARMIN X 1;1196,9683;581,9;;Tekno
2-00341;ESMALTE SINTETICO TEKNO CARMIN X 1/2;653,9203;317,9;;Tekno
2-00342;ESMALTE SINTETICO TEKNO CARMIN X 1/4;348,4558;169,4;;Tekno
2-00343;ESMALTE SINTETICO TEKNO CASTAÑO X 1;1049,8928;510,4;;Tekno
2-00344;ESMALTE SINTETICO TEKNO CASTAÑO X 1/2;549,8361;267,3;;Tekno
2-00345;ESMALTE SINTETICO TEKNO CASTAÑO X 1/4;314,5153;152,9;;Tekno
2-00346;ESMALTE SINTETICO TEKNO CELESTE X 1;1049,8928;510,4;;Tekno
2-00347;ESMALTE SINTETICO TEKNO CELESTE X 1/2;549,8361;267,3;;Tekno
2-00348;ESMALTE SINTETICO TEKNO CELESTE X 1/4;314,5153;152,9;;Tekno
2-00349;ESMALTE SINTETICO TEKNO CREMA PASTEL X 1;1049,8928;510,4;;Tekno
2-00350;ESMALTE SINTETICO TEKNO CREMA PASTEL X 1/2;549,8361;267,3;;Tekno
2-00351;ESMALTE SINTETICO TEKNO CREMA PASTEL X 1/4;314,5153;152,9;;Tekno
2-00352;ESMALTE SINTETICO TEKNO CREMA X 1;1049,8928;510,4;;Tekno
2-00353;ESMALTE SINTETICO TEKNO CREMA X 1/2;549,8361;267,3;;Tekno
2-00354;ESMALTE SINTETICO TEKNO CREMA X 1/4;314,5153;152,9;;Tekno
2-00355;ESMALTE SINTETICO TEKNO DAMASCO X 1;1049,8928;510,4;;Tekno
2-00356;ESMALTE SINTETICO TEKNO DAMASCO X 1/2;549,8361;267,3;;Tekno
2-00357;ESMALTE SINTETICO TEKNO DAMASCO X 1/4;314,5153;152,9;;Tekno
2-00358;ESMALTE SINTETICO TEKNO GRIS NUBE (HIELO) X 1;1049,8928;510,4;;Tekno
2-00359;ESMALTE SINTETICO TEKNO GRIS NUBE (HIELO) X 1/2;549,8361;267,3;;Tekno
2-00360;ESMALTE SINTETICO TEKNO GRIS NUBE (HIELO) X 1/4;314,5153;152,9;;Tekno
2-00361;ESMALTE SINTETICO TEKNO GRIS OSCURO X 1;1049,8928;510,4;;Tekno
2-00362;ESMALTE SINTETICO TEKNO GRIS OSCURO X 1/2;549,8361;267,3;;Tekno
2-00363;ESMALTE SINTETICO TEKNO GRIS OSCURO X 1/4;314,5153;152,9;;Tekno
2-00364;ESMALTE SINTETICO TEKNO GRIS PLATA X 1;1049,8928;510,4;;Tekno
2-00365;ESMALTE SINTETICO TEKNO GRIS PLATA X 1/2;549,8361;267,3;;Tekno
2-00366;ESMALTE SINTETICO TEKNO GRIS PLATA X 1/4;314,5153;152,9;;Tekno
2-00367;ESMALTE SINTETICO TEKNO GRIS SIDERAL X 1;1049,8928;510,4;;Tekno
2-00368;ESMALTE SINTETICO TEKNO GRIS SIDERAL X 1/2;549,8361;267,3;;Tekno
2-00369;ESMALTE SINTETICO TEKNO GRIS SIDERAL X 1/4;314,5153;152,9;;Tekno
2-00370;ESMALTE SINTETICO TEKNO GRIS X 1;1049,8928;510,4;;Tekno
2-00371;ESMALTE SINTETICO TEKNO GRIS X 1/2;549,8361;267,3;;Tekno
2-00372;ESMALTE SINTETICO TEKNO GRIS X 1/4;314,5153;152,9;;Tekno
2-00373;ESMALTE SINTETICO TEKNO MARFIL ELEFANTE X 1;1049,8928;510,4;;Tekno
2-00374;ESMALTE SINTETICO TEKNO MARFIL ELEFANTE X 1/2;549,8361;267,3;;Tekno
2-00375;ESMALTE SINTETICO TEKNO MARFIL ELEFANTE X 1/4;314,5153;152,9;;Tekno
2-00376;ESMALTE SINTETICO TEKNO MARFIL X 1;1049,8928;510,4;;Tekno
2-00377;ESMALTE SINTETICO TEKNO MARFIL X 1/2;549,8361;267,3;;Tekno
2-00378;ESMALTE SINTETICO TEKNO MARFIL X 1/4;314,5153;152,9;;Tekno
2-00379;ESMALTE SINTETICO TEKNO MARRON SATINADO X 1;941,2832;457,6;;Tekno
2-00380;ESMALTE SINTETICO TEKNO MARRON SATINADO X 1/2;538,5226;261,8;;Tekno
2-00381;ESMALTE SINTETICO TEKNO MARRON SATINADO X 1/4;287,3629;139,7;;Tekno
2-00382;ESMALTE SINTETICO TEKNO MARRON X 1;941,2832;457,6;;Tekno
2-00383;ESMALTE SINTETICO TEKNO MARRON X 1/2;538,5226;261,8;;Tekno
2-00384;ESMALTE SINTETICO TEKNO MARRON X 1/4;287,3629;139,7;;Tekno
2-00385;ESMALTE SINTETICO TEKNO NARANJA X 1;1196,9683;581,9;;Tekno
2-00386;ESMALTE SINTETICO TEKNO NARANJA X 1/2;653,9203;317,9;;Tekno
2-00387;ESMALTE SINTETICO TEKNO NARANJA X 1/4;348,4558;169,4;;Tekno
2-00388;ESMALTE SINTETICO TEKNO NEGRO BRILLANTE X 1;941,2832;457,6;;Tekno
2-00389;ESMALTE SINTETICO TEKNO NEGRO BRILLANTE X 1/2;538,5226;261,8;;Tekno
2-00390;ESMALTE SINTETICO TEKNO NEGRO BRILLANTE X 1/4;287,3629;139,7;;Tekno
2-00391;ESMALTE SINTETICO TEKNO NEGRO MATE X 1;941,2832;457,6;;Tekno
2-00392;ESMALTE SINTETICO TEKNO NEGRO MATE X 1/2;538,5226;261,8;;Tekno
2-00393;ESMALTE SINTETICO TEKNO NEGRO MATE X 1/4;287,3629;139,7;;Tekno
2-00394;ESMALTE SINTETICO TEKNO NEGRO PIZARRON X 1;941,2832;457,6;;Tekno
2-00395;ESMALTE SINTETICO TEKNO NEGRO PIZARRON X 1/2;538,5226;261,8;;Tekno
2-00396;ESMALTE SINTETICO TEKNO NEGRO PIZARRON X 1/4;287,3629;139,7;;Tekno
2-00397;ESMALTE SINTETICO TEKNO NEGRO SATINADO X 1;941,2832;457,6;;Tekno
2-00398;ESMALTE SINTETICO TEKNO NEGRO SATINADO X 1/2;538,5226;261,8;;Tekno
2-00399;ESMALTE SINTETICO TEKNO NEGRO SATINADO X 1/4;287,3629;139,7;;Tekno
2-00400;ESMALTE SINTETICO TEKNO PINO X 1;1196,9683;581,9;;Tekno
2-00401;ESMALTE SINTETICO TEKNO PINO X 1/2;653,9203;317,9;;Tekno
2-00402;ESMALTE SINTETICO TEKNO PINO X 1/4;348,4558;169,4;;Tekno
2-00403;ESMALTE SINTETICO TEKNO PIZARRON X 1;1196,9683;581,9;;Tekno
2-00404;ESMALTE SINTETICO TEKNO PIZARRON X 1/2;653,9203;317,9;;Tekno
2-00405;ESMALTE SINTETICO TEKNO PIZARRON X 1/4;348,4558;169,4;;Tekno
2-00406;ESMALTE SINTETICO TEKNO ROJO OXIDO X 1;1107,392;457,6;;Tekno
2-00407;ESMALTE SINTETICO TEKNO ROJO OXIDO X 1/2;633,556;261,8;;Tekno
2-00408;ESMALTE SINTETICO TEKNO ROJO OXIDO X 1/4;338,074;139,7;;Tekno
2-00409;ESMALTE SINTETICO TEKNO VERDE COLONIAL X 1;1235,168;510,4;;Tekno
2-00410;ESMALTE SINTETICO TEKNO VERDE COLONIAL X 1/2;646,866;267,3;;Tekno
2-00411;ESMALTE SINTETICO TEKNO VERDE COLONIAL X 1/4;370,018;152,9;;Tekno
2-00412;ESMALTE SINTETICO TEKNO VERDE INGLES X 1;1408,198;581,9;;Tekno
2-00413;ESMALTE SINTETICO TEKNO VERDE INGLES X 1/2;769,318;317,9;;Tekno
2-00414;ESMALTE SINTETICO TEKNO VERDE INGLES X 1/4;409,948;169,4;;Tekno
2-00415;ESMALTE SINTETICO TEKNO VERDE OLIVA X 1/4;1235,168;510,4;;Tekno
2-00416;ESMALTE SINTETICO TEKNO VERDE OLIVA X 1/2;646,866;267,3;;Tekno
2-00417;ESMALTE SINTETICO TEKNO VERDE ORIE X 1;370,018;152,9;;Tekno
2-00418;ESMALTE SINTETICO TEKNO VERDE ORIE X 1/2;0;;;
2-00419;ESMALTE SINTETICO TEKNO VERDE SELVA X 1;1235,168;510,4;;Tekno
2-00420;ESMALTE SINTETICO TEKNO VERDE SELVA X 1/2;646,866;267,3;;Tekno
2-00421;ESMALTE SINTETICO TEKNO VERDE SELVA X 1/4;370,018;152,9;;Tekno
2-00422;ESMALTE SINTETICO TEKNO VERDE X 1;1235,168;510,4;;Tekno
2-00423;ESMALTE SINTETICO TEKNO VERDE X 1/2;646,866;267,3;;Tekno
2-00424;ESMALTE SINTETICO TEKNO VERDE X 1/4;675,818;152,9;;Tekno
2-00425;ESMALTE SINTETICO TEKNO VERDE PINO X 1;0;;;Tekno
2-00426;ESMALTE SINTETICO TEKNO VERDE PINOX 1/2;0;;;Tekno
2-00427;ESMALTEK AMARILLO VIAL TEKNO X 20;27251,62;11261;;Tekno
2-00428;ESMALTEK BLANCO TEKNO X 1;1594,538;658,9;;Tekno
2-00429;ESMALTEK BLANCO TEKNO X 1/2;854,502;353,1;;Tekno
2-00430;ESMALTEK BLANCO TEKNO X 1/4;357,7728;184,8;;Tekno
2-00431;ESMALTEK BLANCO TEKNO X 4;4671,568;2413;;Tekno
2-00432;ESMALTEK GRIS PERLA TEKNO X 20;37413,2;19325;;Tekno
2-00433;ESMALTEK NEGRO SATINADO TEKNO X 1/4;330,088;170,5;;Tekno
2-00434;ESMALTEK NEGRO SATINADO TEKNO X 4;4003,648;2068;;Tekno
12-00435;ESPUMA POLIURETANICA AFIX ;9676,128;4998;;Accesorios
12-00436;ESTOPA ;174,24;90;;Accesorios
12-00437;EXTENSORES ALUMINIO 1.5 - 3 MTS;1295,91;630;;Accesorios
2-00438;GOLETA SUR BRILLANTE TEKNO X 1;986,5372;479,6;;Tekno
2-00439;GOLETA SUR BRILLANTE TEKNO X 1/2;538,5226;261,8;;Tekno
2-00440;GOLETA SUR BRILLANTE TEKNO X 20;15931,465;7745;;Tekno
2-00441;GOLETA SUR BRILLANTE TEKNO X 4;3780,766;1838;;Tekno
2-00442;GOLETA SUR SATINADO TEKNO X 1;1083,8333;526,9;;Tekno
2-00443;GOLETA SUR SATINADO TEKNO X 1/2;610,929;297;;Tekno
2-00444;GOLETA SUR SATINADO TEKNO X 20;17396,049;8457;;Tekno
2-00445;GOLETA SUR SATINADO TEKNO X 4;3780,766;1838;;Tekno
12-00446;GUANTES MOTEADOS ;92,565;45;;Accesorios
2-00447;HIDROTEK BLANCO TEKNO X 1;1298,7898;631,4;;Tekno
2-00448;HIDROTEK BLANCO TEKNO X 1/2;717,2759;348,7;;Tekno
2-00449;HIDROTEK BLANCO TEKNO X 4;4945,028;2404;;Tekno
2-00450;HIDROTEK NEGRO TEKNO X 1/2;676,5473;328,9;;Tekno
12-00451;HORMIGONERA MOTOR 3/4 HP INDUSTRIA NACIONAL;27000;;;Accesorios
2-00452;IMPRIMACION 1RA MANO TEKNO X 1;448,0146;217,8;;Tekno
2-00453;IMPRIMACION 1RA MANO TEKNO X 10;3564,781;1733;;Tekno
2-00454;IMPRIMACION 1RA MANO TEKNO X 20;6557,716;3188;;Tekno
2-00455;IMPRIMACION 1RA MANO TEKNO X 4;1563,5257;760,1;;Tekno
6-00456;JUEGO MECHAS METABO SDS CLASSIC 5 PIEZAS;2927,688896;1374,76;;Metabo
12-00457;KIT LAMINAS PLASTICAS EL GALGO;0;;;Accesorios
7-00458;KUWAIT AEROSOL ALUMINIO ALTA TEMPERATURA X 240;592,76569;288,17;;Kuwait
7-00459;KUWAIT AEROSOL AMARILLO FLUORESCENTE X 240;709,2536;344,8;;Kuwait
7-00460;KUWAIT AEROSOL AMARILLO X 240;409,46642;199,06;;Kuwait
7-00461;KUWAIT AEROSOL AZUL MARINO X 240;409,46642;199,06;;Kuwait
7-00462;KUWAIT AEROSOL AZUL METALIZADO X 240;851,41287;413,91;;Kuwait
7-00463;KUWAIT AEROSOL AZUL TRAFULX 240;409,46642;199,06;;Kuwait
7-00464;KUWAIT AEROSOL BARNIZ TRANSPARENTE X 240;409,46642;199,06;;Kuwait
7-00465;KUWAIT AEROSOL BERMELLON X 240;409,46642;199,06;;Kuwait
7-00466;KUWAIT AEROSOL BLANCO MATE X 240;409,46642;199,06;;Kuwait
7-00467;KUWAIT AEROSOL BLANCO SATINADO X 240;409,46642;199,06;;Kuwait
7-00468;KUWAIT AEROSOL BLANCO X 240;409,46642;199,06;;Kuwait
7-00469;KUWAIT AEROSOL BRONCE METALIZADO X 240;627,57013;305,09;;Kuwait
7-00470;KUWAIT AEROSOL CELESTE X 240;409,46642;199,06;;Kuwait
7-00471;KUWAIT AEROSOL COBRE METALIZADO X 240;627,57013;305,09;;Kuwait
7-00472;KUWAIT AEROSOL CROMADO METALIZADO X 240;569,11019;276,67;;Kuwait
7-00473;KUWAIT AEROSOL GRAFITO PARA LLANTAS X 240;541,54639;263,27;;Kuwait
7-00474;KUWAIT AEROSOL GRIS ESPACIAL X 240;409,46642;199,06;;Kuwait
7-00475;KUWAIT AEROSOL GRIS SIDERCA X 240;409,46642;199,06;;Kuwait
7-00476;KUWAIT AEROSOL NARANJA FLUORESCENTE X 240;709,2536;344,8;;Kuwait
7-00477;KUWAIT AEROSOL NARANJA X 240;409,46642;199,06;;Kuwait
7-00478;KUWAIT AEROSOL NEGRO MATE X 240;409,46642;199,06;;Kuwait
7-00479;KUWAIT AEROSOL NEGRO SATINADO X 240;409,46642;199,06;;Kuwait
7-00480;KUWAIT AEROSOL NEGRO X 240;409,46642;199,06;;Kuwait
7-00481;KUWAIT AEROSOL ORO METALIZADO X 240;629,2363;305,9;;Kuwait
7-00482;KUWAIT AEROSOL PLATA X 240;541,54639;263,27;;Kuwait
7-00483;KUWAIT AEROSOL ROJO FLUORESCENTE X 240;709,2536;344,8;;Kuwait
7-00484;KUWAIT AEROSOL ROJO METALIZADO X 240;849,93183;413,19;;Kuwait
7-00485;KUWAIT AEROSOL ROJO X 240;409,46642;199,06;;Kuwait
7-00486;KUWAIT AEROSOL ROSA FLUO X 240;709,2536;344,8;;Kuwait
7-00487;KUWAIT AEROSOL TABACO X 240;409,46642;199,06;;Kuwait
7-00488;KUWAIT AEROSOL VERDE CLARO X 240;409,46642;199,06;;Kuwait
7-00489;KUWAIT AEROSOL VERDE FLUORESCENTE X 240;709,2536;344,8;;Kuwait
7-00490;KUWAIT AEROSOL VERDE INGLES X 240;409,46642;199,06;;Kuwait
7-00491;KUWAIT AEROSOL VERDE METALIZADO X 240;849,93183;413,19;;Kuwait
7-00492;KUWAIT AEROSOL VERDE NOCHE X 240;409,46642;199,06;;Kuwait
7-00493;KUWAIT AEROSOL VIOLETA X 240;409,46642;199,06;;Kuwait
2-00494;LATEX AMBIENTE BLANCO TEKNO X 10;5397,568;2624;;Tekno
2-00495;LATEX AMBIENTE BLANCO TEKNO X 20;11064,603;5379;;Tekno
2-00496;LATEX AMBIENTE BLANCO TEKNO X 4;2569,193;1249;;Tekno
2-00497;LATEX AURO BLANCO TEKNO X 1;608,6663;295,9;;Tekno
2-00498;LATEX AURO BLANCO TEKNO X 10;4930,629;2397;;Tekno
2-00499;LATEX AURO BLANCO TEKNO X 20;9184,505;4465;;Tekno
2-00500;LATEX AURO BLANCO TEKNOX 4;2139,28;1040;;Tekno
2-00501;LATEX TECNO REAL TEKNO X 20;4561,216;2356;;Tekno
12-00502;LIBUS ANTEOJOS DE SEGURIDAD ;232,32;120;;Accesorios
15-00503;LIJA AL AGUA ABRADUR NUMERO 100 23 X 28 CM ;73,568;38;;Lijas
15-00504;LIJA AL AGUA ABRADUR NUMERO 120 23 X 28 CM ;73,568;38;;Lijas
15-00505;LIJA AL AGUA ABRADUR NUMERO 150 23 X 28 CM ;73,568;38;;Lijas
15-00506;LIJA AL AGUA PS8 1000 KLINGSPOR;83,20928;42,98;;Lijas
15-00507;LIJA AL AGUA PS8 1200 KLINGSPOR;82,41552;42,57;;Lijas
15-00508;LIJA AL AGUA PS8 180 KLINGSPOR;82,41552;42,57;;Lijas
15-00509;LIJA AL AGUA PS8 2000 KLINGSPOR;102,04656;52,71;;Lijas
15-00510;LIJA AL AGUA PS8 220 KLINGSPOR;82,41552;42,57;;Lijas
15-00511;LIJA AL AGUA PS8 80 KLINGSPOR;93,61044;42,98;;Lijas
15-00512;LIJA MADERA  ABRADUR NUMERO 100 23 X 28 CM ;65,34;30;;Lijas
15-00513;LIJA MADERA ABRADUR NUMERO 150 23 X 28 CM ;65,34;30;;Lijas
6-00514;LIJADORA EXCENT METABO FSX200 INTEC ;17190,06731;8071,97;;Metabo
6-00515;LIJADORA ORBITAL METABO FSR 200 INTEC ;13787,30144;7121,54;;Metabo
6-00516;LLAVE DE IMP BATERIA METABO SSW18 LTX 300BL;70991,8132;33335,75;;Metabo
1-00517;MADERIN ACEITE PARA MADERAS X 1;218,30336;112,76;;Duracril
1-00518;MADERIN ACEITE PARA MADERAS X 4;728,55552;376,32;;Duracril
1-00519;MADERIN BARNIZ MARINO EXTRA BRILLO X 20;17086,41;7845;;Duracril
1-00520;MADERIN BARNIZ MARINO EXTRA BRILLO X 4;3809,322;1749;;Duracril
1-00521;MADERIN BARNIZ MARINO INCOLORO BRILLANTE X 1;1048,69248;541,68;;Duracril
1-00522;MADERIN BARNIZ MARINO INCOLORO BRILLANTE X 1/2;444,62176;229,66;;Duracril
1-00523;MADERIN BARNIZ MARINO INCOLORO BRILLANTE X 1/4;431,22464;222,74;;Duracril
1-00524;MADERIN BARNIZ MARINO INCOLORO BRILLANTE X 20;15797,1792;8159,7;;Duracril
1-00525;MADERIN BARNIZ MARINO INCOLORO MATE X 1;1153,54624;595,84;;Duracril
1-00526;MADERIN BARNIZ MARINO INCOLORO MATE X 1/2;663,69952;342,82;;Duracril
1-00527;MADERIN BARNIZ MARINO INCOLORO MATE X 1/4;431,22464;222,74;;Duracril
1-00528;MADERIN BARNIZ MARINO INCOLORO MATE X 4;3875,25248;2001,68;;Duracril
1-00529;MADERIN BARNIZ MARINO INCOLORO SATINADO X 1;1153,54624;595,84;;Duracril
1-00530;MADERIN BARNIZ MARINO INCOLORO SATINADO X 1/2;663,69952;342,82;;Duracril
1-00531;MADERIN BARNIZ MARINO INCOLORO SATINADO X 1/4;431,22464;222,74;;Duracril
1-00532;MADERIN BARNIZ MARINO INCOLORO SATINADO X 4;3875,25248;2001,68;;Duracril
1-00533;MADERIN IMPREGNANTE LACA BRILLANTE MADERA UN COMPONENTE X 1;1824,66064;942,49;;Duracril
1-00534;MADERIN IMPREGNANTE LACA BRILLANTE MADERA UN COMPONENTE X 4;4907,29536;2534,76;;Duracril
1-00535;MADERIN IMPREGNANTE LACA MARINA PARA EXTERIOR X 1 AGUA MINER;1129,98512;583,67;;Duracril
1-00536;MADERIN IMPREGNANTE LACA MARINA PARA EXTERIOR X 4 AGUA MINER;3880,18928;2004,23;;Duracril
1-00537;MADERIN IMPREGNANTE LASUR TRADICIONAL ALGARROBO X 1;966,79;470;;Duracril
1-00538;MADERIN IMPREGNANTE LASUR TRADICIONAL ALGARROBO X 10;7944,134;3862;;Duracril
1-00539;MADERIN IMPREGNANTE LASUR TRADICIONAL ALGARROBO X 4;3188,35;1550;;Duracril
1-00540;MADERIN IMPREGNANTE LASUR TRADICIONAL CAOBA X 1;966,79;470;;Duracril
1-00541;MADERIN IMPREGNANTE LASUR TRADICIONAL CAOBA X 10;7944,134;3862;;Duracril
1-00542;MADERIN IMPREGNANTE LASUR TRADICIONAL CEDRO X 1;966,79;470;;Duracril
1-00543;MADERIN IMPREGNANTE LASUR TRADICIONAL CEDRO X 10;7944,134;3862;;Duracril
1-00544;MADERIN IMPREGNANTE LASUR TRADICIONAL CEDRO X 4;3188,35;1550;;Duracril
1-00545;MADERIN IMPREGNANTE LASUR TRADICIONAL CRISTAL X 1;966,79;470;;Duracril
1-00546;MADERIN IMPREGNANTE LASUR TRADICIONAL CRISTAL X 10;7944,134;3862;;Duracril
1-00547;MADERIN IMPREGNANTE LASUR TRADICIONAL CRISTAL X 4;3188,35;1550;;Duracril
1-00548;MADERIN IMPREGNANTE LASUR TRADICIONAL NATURAL X 1;966,79;470;;Duracril
1-00549;MADERIN IMPREGNANTE LASUR TRADICIONAL NATURAL X 10;7944,134;3862;;Duracril
1-00550;MADERIN IMPREGNANTE LASUR TRADICIONAL NATURAL X 4;3188,35;1550;;Duracril
1-00551;MADERIN IMPREGNANTE LASUR TRADICIONAL NOGAL X 1;966,79;470;;Duracril
1-00552;MADERIN IMPREGNANTE LASUR TRADICIONAL NOGAL X 10;7944,134;3862;;Duracril
1-00553;MADERIN IMPREGNANTE LASUR TRADICIONAL NOGAL X 4;3188,35;1550;;Duracril
1-00554;MADERIN IMPREGNANTE LASUR TRADICIONAL PETIRIBI X 1;966,79;470;;Duracril
1-00555;MADERIN IMPREGNANTE LASUR TRADICIONAL PETIRIBI X 10;7944,134;3862;;Duracril
1-00556;MADERIN IMPREGNANTE LASUR TRADICIONAL PETIRIBI X 4;3188,35;1550;;Duracril
1-00557;MADERIN IMPREGNANTE LASUR TRADICIONAL ROBLE CLARO X 1;966,79;470;;Duracril
1-00558;MADERIN IMPREGNANTE LASUR TRADICIONAL ROBLE CLARO X 10;7944,134;3862;;Duracril
1-00559;MADERIN IMPREGNANTE LASUR TRADICIONAL ROBLE CLARO X 4;3188,35;1550;;Duracril
1-00560;MADERIN IMPREGNANTE LASUR TRADICIONAL ROBLE OSCURO X 1;966,79;470;;Duracril
1-00561;MADERIN IMPREGNANTE LASUR TRADICIONAL ROBLE OSCURO X 10;7944,134;3862;;Duracril
1-00562;MADERIN IMPREGNANTE LASUR TRADICIONAL ROBLE OSCURO X 4;3188,35;1550;;Duracril
1-00563;MADERIN IMPREGNANTE LASUR TRADICIONAL VIRARO X 1;966,79;470;;Duracril
1-00564;MADERIN IMPREGNANTE LASUR TRADICIONAL VIRARO X 10;7944,134;3862;;Duracril
1-00565;MADERIN IMPREGNANTE LASUR TRADICIONAL VIRARO X 4;3188,35;1550;;Duracril
1-00566;MADERIN IMPREGNANTE LASUR TRADICIONAL WENGUE X 1;966,79;470;;Duracril
1-00567;MADERIN IMPREGNANTE LASUR TRADICIONAL WENGUE X 10;7944,134;3862;;Duracril
1-00568;MADERIN IMPREGNANTE LASUR TRADICIONAL WENGUE X 4;3188,35;1550;;Duracril
1-00569;MADERIN IMPREGNANTE LASUR TRADICIONAL X 1 LITRO ALGARROBO;818,36656;422,71;;Duracril
1-00570;MADERIN IMPREGNANTE LASUR TRADICIONAL X 1 LITRO CAOBA;818,36656;422,71;;Duracril
1-00571;MADERIN IMPREGNANTE LASUR TRADICIONAL X 1 LITRO CRISTAL;818,36656;422,71;;Duracril
1-00572;MADERIN IMPREGNANTE LASUR TRADICIONAL X 1 LITRO PETIRIBI;818,36656;422,71;;Duracril
1-00573;MADERIN IMPREGNANTE LASUR TRADICIONAL X 1 LITRO ROBLE CLARO ;818,36656;422,71;;Duracril
1-00574;MADERIN IMPREGNANTE LASUR TRADICIONAL X 1 LITRO VIRARO;818,36656;422,71;;Duracril
1-00575;MADERIN IMPREGNANTE LASUR TRADICIONAL X 10 LITROS ALGARROBO;7405,2;3825;;Duracril
1-00576;MADERIN IMPREGNANTE LASUR TRADICIONAL X 10 LITROS CAOBA;7405,2;3825;;Duracril
1-00577;MADERIN IMPREGNANTE LASUR TRADICIONAL X 10 LITROS ROBLE CLARO ;7405,2;3825;;Duracril
1-00578;MADERIN MASILLA COLOR PARA MADERA  ALGARROBO X 200 GRS;236,555;115;;Duracril
1-00579;MADERIN MASILLA COLOR PARA MADERA CAOBA X 200 GRS;236,555;115;;Duracril
1-00580;MADERIN MASILLA COLOR PARA MADERA CEDRO X 200 GRS;236,555;115;;Duracril
1-00581;MADERIN MASILLA COLOR PARA MADERA EUCALIPTO X 200 GRS;236,555;115;;Duracril
1-00582;MADERIN MASILLA COLOR PARA MADERA NATURAL X 200 GRS;236,555;115;;Duracril
1-00583;MADERIN MASILLA COLOR PARA MADERA NOGAL X 200 GRS;236,555;115;;Duracril
1-00584;MADERIN MASILLA COLOR PARA MADERA PETIRIBI X 200 GRS;236,555;115;;Duracril
1-00585;MADERIN MASILLA COLOR PARA MADERA PINO  X 200 GRS;236,555;115;;Duracril
1-00586;MADERIN MASILLA COLOR PARA MADERA ROBLE OSCURO X 200 GRS;236,555;115;;Duracril
1-00587;MADERIN MASILLA COLOR PARA MADERA VIRARO X 200 GRS;236,555;115;;Duracril
1-00588;MADERIN MASILLA COLOR PARA MADERA WENGUE X 200 GRS;236,555;115;;Duracril
1-00589;MADERIN TINTA COLOR PARA MADERA ALGARROBO X 70 CC;267,41;130;;Duracril
1-00590;MADERIN TINTA COLOR PARA MADERA AZUL MEDITERRANEO X 70 CC;267,41;130;;Duracril
1-00591;MADERIN TINTA COLOR PARA MADERA CAOBA X 70 CC;267,41;130;;Duracril
1-00592;MADERIN TINTA COLOR PARA MADERA CEDRO X 70 CC;267,41;130;;Duracril
1-00593;MADERIN TINTA COLOR PARA MADERA NOGAL X 70 CC;267,41;130;;Duracril
1-00594;MADERIN TINTA COLOR PARA MADERA PETIRIBI X 70 CC;267,41;130;;Duracril
1-00595;MADERIN TINTA COLOR PARA MADERA ROBLE CLARO X 70 CC;267,41;130;;Duracril
1-00596;MADERIN TINTA COLOR PARA MADERA VIRARO X 70 CC;267,41;130;;Duracril
1-00597;MADERIN TINTA COLOR PARA MADERA X ROBLE OSCURO 70 CC;267,41;130;;Duracril
12-00598;MAMELUCO PINTOR ;1830,73;890;;Accesorios
6-00599;MARTILLO COMBINADO METABO KHE 2644;33874,05965;17417,76;;Metabo
6-00600;MARTILLO DEMOLEDOR METABO MHEV 11BL;198287,685;101957,88;;Metabo
2-00601;MASILLA PLACA YESO TEKNO X 35;3910,357;1901;;Tekno
2-00602;MASILLA PLACA YESO TEKNO X 6;1073,754;522;;Tekno
10-00603;MEGATON EMULSION ASFALTICA X 18;2500;1100;;Aislamax
9-00604;MEMBRANA ASFALTICA ALUMINIZADA FLEX 4 MM X 40 M;2950;2000;;Lamiplas
2-00605;OROLATEX LATEX ACRILICO SATINADO BASE D X 10;0;;;Tekno
2-00606;OROLATEX LATEX ACRILICO SATINADO BLANCO BASE T X 10;0;;;Tekno
2-00607;OROLATEX PADDLE  PARA PISO ROJO OXIDO X 20;13012,582;6326;;Tekno
2-00608;OROLATEX PADDLE  PARA ROJO OXIDO X 4;2727,582;1326;;Tekno
2-00609;OROLATEX PADDLE PARA PISO NEGRO X 10;9536,252;4636;;Tekno
2-00610;OROLATEX PADDLE PARA PISO NEGRO X 20;17955,553;8729;;Tekno
2-00611;OROLATEX PADDLE PARA PISO NEGRO X 4;4120,171;2003;;Tekno
2-00612;OROLATEX PADDLE PARA PISO NEGRO X 4;4656,00256;2404,96;;Tekno
2-00613;OROLATEX PADDLE PARA PISO ROJO OXIDO X 1;862,0887;419,1;;Tekno
2-00614;OROLATEX PADDLE PARA PISO ROJO OXIDO X 10;7125,448;3464;;Tekno
2-00615;OROLATEX PADDLE PARA PISO VERDE 301  X 4;5115,759;2487;;Tekno
2-00616;OROLATEX PADDLE PARA PISO VERDE 301 X  10;12403,71;6030;;Tekno
2-00617;OROLATEX PADDLE PARA PISO VERDE 301 X 20;23577,334;11462;;Tekno
4-00618;"PAD PROFESIONAL 9""";0;;;Galgo
5-00619;PINCEL EL TUCAN 10;185,13;90;;PIN-VAR
5-00620;PINCEL EL TUCAN 15;205,7;100;;PIN-VAR
5-00621;PINCEL EL TUCAN 20;236,555;115;;PIN-VAR
5-00622;PINCEL EL TUCAN 25;267,41;130;;PIN-VAR
5-00623;PINCEL EL TUCAN 30;298,265;145;;PIN-VAR
5-00624;PINCEL EL TUCAN 7;164,56;80;;PIN-VAR
4-00625;PINCEL ELEFANTE PROFESIONAL N* 10;213,928;104;;Galgo
4-00626;PINCEL ELEFANTE PROFESIONAL N* 15;232,441;113;;Galgo
4-00627;PINCEL ELEFANTE PROFESIONAL N* 20;278,55894;135,42;;Galgo
4-00628;PINCEL ELEFANTE PROFESIONAL N* 25;803,73161;390,73;;Galgo
4-00629;PINCEL ELEFANTE PROFESIONAL N* 30;998,63236;485,48;;Galgo
4-00630;PINCEL ELEFANTE SERIE 1000 N* 10;116,77589;56,77;;Galgo
4-00631;PINCEL ELEFANTE SERIE 1000 N* 15;142,89979;69,47;;Galgo
4-00632;PINCEL ELEFANTE SERIE 1000 N* 20;173,03484;84,12;;Galgo
4-00633;PINCEL ELEFANTE SERIE 1000 N* 25;238,89998;116,14;;Galgo
4-00634;PINCEL ELEFANTE SERIE 1000 N* 30;300,42485;146,05;;Galgo
4-00635;PINCEL GALGO 101-10 SERIE 1;155,65319;75,67;;Galgo
4-00636;PINCEL GALGO 101-15 SERIE 1;185,27399;90,07;;Galgo
4-00637;PINCEL GALGO 101-20 SERIE 1;237,56293;115,49;;Galgo
4-00638;PINCEL GALGO 101-25 SERIE 1;309,02311;150,23;;Galgo
4-00639;PINCEL GALGO 101-30 SERIE 1;421,17075;204,75;;Galgo
4-00640;PINCEL GALGO MIX SEMIPROFESIONAL V2 NATURAL N* 10;527,94962;256,66;;Galgo
4-00641;PINCEL GALGO MIX SEMIPROFESIONAL V2 NATURAL N* 15;659,33021;320,53;;Galgo
4-00642;PINCEL GALGO MIX SEMIPROFESIONAL V2 NATURAL N* 20;786,00027;382,11;;Galgo
4-00643;PINCEL GALGO MIX SEMIPROFESIONAL V2 NATURAL N* 25;1075,58473;522,89;;Galgo
4-00644;PINCEL GALGO MIX SEMIPROFESIONAL V2 NATURAL N* 30;1313,88818;638,74;;Galgo
10-00645;PINTURA ASFALTICA AISLAMAX X 18 LTS;4500;;;Aislamax
2-00646;PLASTIFICANTE HIDROSOLUBLE X 1;929,9697;452,1;;Tekno
2-00647;PLASTIFICANTE HIDROSOLUBLE X 10;7664,382;3726;;Tekno
2-00648;PLASTIFICANTE HIDROSOLUBLE X 20;14902,965;7245;;Tekno
2-00649;PLASTIFICANTE HIDROSOLUBLE X 4;3227,433;1569;;Tekno
1-00650;POLILUX MEMBRANA ELASTOMERICA TECHOS Y TERRAZAS;3200;2000;;Duracril
12-00651;PROTECTOR RESPIRATORIO FRAVIDA 5330;2038,487;991;;Accesorios
8-00652;RECUMIX EXTERIOR X 1 1/4;675,9423;310,35;;Sinteplast
8-00653;RECUMIX EXTERIOR X 1/2;588,84408;270,36;;Sinteplast
8-00654;RECUMIX EXTERIOR X 5 KG;2829,222;1299;;Sinteplast
8-00655;RECUMIX INTERIOR X 1 1/4;675,9423;310,35;;Sinteplast
8-00656;RECUMIX INTERIOR X 1/2;588,84408;270,36;;Sinteplast
8-00657;RECUMIX INTERIOR X 5 KG;2829,222;1299;;Sinteplast
12-00658;REPUESTO FILTRO FRAVIDA;1812,217;881;;Accesorios
5-00659;RODILLO  EPOXI 22;650,375;215;;PIN-VAR
5-00660;RODILLO ANTIGOTA 17;598,95;198;;PIN-VAR
5-00661;RODILLO ANTIGOTA 22;650,375;215;;PIN-VAR
4-00662;RODILLO ARTE GALGO FOAM N* 07;603,33625;199,45;;Galgo
4-00663;RODILLO ARTE GALGO FOAM N* 11;752,40825;248,73;;Galgo
4-00664;RODILLO ARTE GALGO FOAM N* 16;953,722;315,28;;Galgo
5-00665;RODILLO CUBREMAS N* 22;1300,6895;429,98;;PIN-VAR
4-00666;RODILLO ELEFANTE N* 17;1495,923;494,52;;Galgo
4-00667;RODILLO ELEFANTE N* 22;1693,032;559,68;;Galgo
5-00668;RODILLO EPOXI 22;377,59744;195,04;;PIN-VAR
4-00669;RODILLO GALGO DORADO N* 22;2813,64325;930,13;;Galgo
4-00670;RODILLO LANA NATURAL GALGO LINEA HOGAR N* 22;1459,6835;482,54;;Galgo
5-00671;RODILLO LANA SUPERFICIE 40;816,75;270;;PIN-VAR
5-00672;RODILLO LANA SUPERFICIE 50;995,225;329;;PIN-VAR
5-00673;RODILLO MINI ANTIGOTA 11;199,65;66;;PIN-VAR
5-00674;RODILLO MINI ANTIGOTA 5;166,375;55;;PIN-VAR
5-00675;RODILLO MINI ANTIGOTA 8;184,525;61;;PIN-VAR
5-00676;RODILLO MINI CON FUNDA 11;190,575;63;;PIN-VAR
5-00677;RODILLO MINI CON FUNDA 5;166,375;55;;PIN-VAR
5-00678;RODILLO MINI CON FUNDA 8;175,45;58;;PIN-VAR
5-00679;RODILLO MINI EPOXI 11;219,615;72,6;;PIN-VAR
5-00680;RODILLO MINI EPOXI 5;183,0125;60,5;;PIN-VAR
5-00681;RODILLO MINI EPOXI 8;202,9775;67,1;;PIN-VAR
5-00682;RODILLO MINI SIN FUNDA 11;181,5;60;;PIN-VAR
5-00683;RODILLO MINI SIN FUNDA 5;154,275;51;;PIN-VAR
5-00684;RODILLO MINI SIN FUNDA 8;166,375;55;;PIN-VAR
5-00685;RODILLO POLIESTER 22 YETTY;807,675;267;;PIN-VAR
5-00686;RODILLO SOL LANA SUPER BLANCO 50 X 22;1043,02;431;;PIN-VAR
5-00687;RODILLO SOL LANA SUPER NARANJA 50 X 22;1127,72;466;;PIN-VAR
5-00688;RODILLO SOL LANA SUPER ROJO 50 X 22;1127,72;466;;PIN-VAR
6-00689;SIERRA CIRCULAR METABO KS 66 FS;40988,64546;19247,11;;Metabo
1-00690;SINTECRIM ESMALTE TRIPLE ACCION GRUPO 2 X 1/4 NEGRO MATE;382,602;186;;Duracril
1-00691;SINTECRIN ESMALTE SINTETICO BRILLANTE CON ZIRCONIO NEGRO X 20;15686,682;7626;;Duracril
1-00692;SINTECRIN ESMALTE SINTETICO BRILLANTE CON ZIRCONIO VIAL BLANCO X 20;36415,071;17703;;Duracril
1-00693;SINTECRIN ESMALTE TRIPLE ACCION GRUPO 1 X 1 AMARILLO MEDIO;803,30448;414,93;;Duracril
1-00694;SINTECRIN ESMALTE TRIPLE ACCION GRUPO 1 X 1 AZULEJO;803,30448;414,93;;Duracril
1-00695;SINTECRIN ESMALTE TRIPLE ACCION GRUPO 1 X 1 BEIGE;803,30448;414,93;;Duracril
1-00696;SINTECRIN ESMALTE TRIPLE ACCION GRUPO 1 X 1 BLANCO;803,30448;414,93;;Duracril
1-00697;SINTECRIN ESMALTE TRIPLE ACCION GRUPO 1 X 1 BLANCO MATE;803,30448;414,93;;Duracril
1-00698;SINTECRIN ESMALTE TRIPLE ACCION GRUPO 1 X 1 CELESTE;803,30448;414,93;;Duracril
1-00699;SINTECRIN ESMALTE TRIPLE ACCION GRUPO 1 X 1 CREMA ;803,30448;414,93;;Duracril
1-00700;SINTECRIN ESMALTE TRIPLE ACCION GRUPO 1 X 1 GRIS PERLA;803,30448;414,93;;Duracril
1-00701;SINTECRIN ESMALTE TRIPLE ACCION GRUPO 1 X 1 MARFIL;803,30448;414,93;;Duracril
1-00702;SINTECRIN ESMALTE TRIPLE ACCION GRUPO 1 X 1 ROSA;803,30448;414,93;;Duracril
1-00703;SINTECRIN ESMALTE TRIPLE ACCION GRUPO 1 X 1 TRAFUL;803,30448;414,93;;Duracril
1-00704;SINTECRIN ESMALTE TRIPLE ACCION GRUPO 1 X 1 VERDE CLARO;803,30448;414,93;;Duracril
1-00705;SINTECRIN ESMALTE TRIPLE ACCION GRUPO 1 X 1/2 BLANCO;485,89728;250,98;;Duracril
1-00706;SINTECRIN ESMALTE TRIPLE ACCION GRUPO 1 X 1/2 BLANCO MATE;485,89728;250,98;;Duracril
1-00707;SINTECRIN ESMALTE TRIPLE ACCION GRUPO 1 X 1/2 BLANCO SATINADO;485,89728;250,98;;Duracril
1-00708;SINTECRIN ESMALTE TRIPLE ACCION GRUPO 1 X 1/2 CELESTE ;485,89728;250,98;;Duracril
1-00709;SINTECRIN ESMALTE TRIPLE ACCION GRUPO 1 X 1/2 GRIS ESPACIAL;485,89728;250,98;;Duracril
1-00710;SINTECRIN ESMALTE TRIPLE ACCION GRUPO 1 X 1/2 GRIS PERLA ;485,89728;250,98;;Duracril
1-00711;SINTECRIN ESMALTE TRIPLE ACCION GRUPO 1 X 1/2 MARFIL;485,89728;250,98;;Duracril
1-00712;SINTECRIN ESMALTE TRIPLE ACCION GRUPO 1 X 1/2 ROSA ;485,89728;250,98;;Duracril
1-00713;SINTECRIN ESMALTE TRIPLE ACCION GRUPO 1 X 1/2 TRAFUL;485,89728;250,98;;Duracril
1-00714;SINTECRIN ESMALTE TRIPLE ACCION GRUPO 1 X 1/2MARFIL CEDA;485,89728;250,98;;Duracril
1-00715;SINTECRIN ESMALTE TRIPLE ACCION GRUPO 1 X 20 BLANCO ;14432,71423;7016,39;;Duracril
1-00716;SINTECRIN ESMALTE TRIPLE ACCION GRUPO 1 X 4 BLANCO ;3157,65956;1535,08;;Duracril
1-00717;SINTECRIN ESMALTE TRIPLE ACCION GRUPO 1 X 4 BLANCO MATE;3157,65956;1535,08;;Duracril
1-00718;SINTECRIN ESMALTE TRIPLE ACCION GRUPO 1 X 4 BLANCO SATINADO;3157,65956;1535,08;;Duracril
1-00719;SINTECRIN ESMALTE TRIPLE ACCION GRUPO 2 X 1 CEDRO;676,98048;349,68;;Duracril
1-00720;SINTECRIN ESMALTE TRIPLE ACCION GRUPO 2 X 1 GRIS ;676,98048;349,68;;Duracril
1-00721;SINTECRIN ESMALTE TRIPLE ACCION GRUPO 2 X 1 GRIS HIELO;676,98048;349,68;;Duracril
1-00722;SINTECRIN ESMALTE TRIPLE ACCION GRUPO 2 X 1 MARRON;676,98048;349,68;;Duracril
1-00723;SINTECRIN ESMALTE TRIPLE ACCION GRUPO 2 X 1 NEGRO;676,98048;349,68;;Duracril
1-00724;SINTECRIN ESMALTE TRIPLE ACCION GRUPO 2 X 1 NEGRO MATE;676,98048;349,68;;Duracril
1-00725;SINTECRIN ESMALTE TRIPLE ACCION GRUPO 2 X 1 NEGRO SATINADO;676,98048;349,68;;Duracril
1-00726;SINTECRIN ESMALTE TRIPLE ACCION GRUPO 2 X 1 OCRE;676,98048;349,68;;Duracril
1-00727;SINTECRIN ESMALTE TRIPLE ACCION GRUPO 2 X 1 TABACO;676,98048;349,68;;Duracril
1-00728;SINTECRIN ESMALTE TRIPLE ACCION GRUPO 2 X 1 VICUÑA ;676,98048;349,68;;Duracril
1-00729;SINTECRIN ESMALTE TRIPLE ACCION GRUPO 2 X 1/2 CEDRO;415,71728;214,73;;Duracril
1-00730;SINTECRIN ESMALTE TRIPLE ACCION GRUPO 2 X 1/2 GRIS ;415,71728;214,73;;Duracril
1-00731;SINTECRIN ESMALTE TRIPLE ACCION GRUPO 2 X 1/2 GRIS HIELO;415,71728;214,73;;Duracril
1-00732;SINTECRIN ESMALTE TRIPLE ACCION GRUPO 2 X 1/2 MARRON;415,71728;214,73;;Duracril
1-00733;SINTECRIN ESMALTE TRIPLE ACCION GRUPO 2 X 1/2 NEGRO;415,71728;214,73;;Duracril
1-00734;SINTECRIN ESMALTE TRIPLE ACCION GRUPO 2 X 1/2 NEGRO MATE;415,71728;214,73;;Duracril
1-00735;SINTECRIN ESMALTE TRIPLE ACCION GRUPO 2 X 1/2 NEGRO SATINADO;415,71728;214,73;;Duracril
1-00736;SINTECRIN ESMALTE TRIPLE ACCION GRUPO 2 X 1/2 OCRE;415,71728;214,73;;Duracril
1-00737;SINTECRIN ESMALTE TRIPLE ACCION GRUPO 2 X 1/2 TABACO;415,71728;214,73;;Duracril
1-00738;SINTECRIN ESMALTE TRIPLE ACCION GRUPO 2 X 1/2 VICUÑA ;415,71728;214,73;;Duracril
1-00739;SINTECRIN ESMALTE TRIPLE ACCION GRUPO 2 X 1/4 CEDRO;271,21424;140,09;;Duracril
1-00740;SINTECRIN ESMALTE TRIPLE ACCION GRUPO 2 X 1/4 GRIS ;271,21424;140,09;;Duracril
1-00741;SINTECRIN ESMALTE TRIPLE ACCION GRUPO 2 X 1/4 MARRON ;271,21424;140,09;;Duracril
1-00742;SINTECRIN ESMALTE TRIPLE ACCION GRUPO 2 X 1/4 NEGRO;271,21424;140,09;;Duracril
1-00743;SINTECRIN ESMALTE TRIPLE ACCION GRUPO 2 X 1/4 NEGRO SATINADO;271,21424;140,09;;Duracril
1-00744;SINTECRIN ESMALTE TRIPLE ACCION GRUPO 2 X 1/4 OCRE;271,21424;140,09;;Duracril
1-00745;SINTECRIN ESMALTE TRIPLE ACCION GRUPO 2 X 1/4 TABACO;271,21424;140,09;;Duracril
1-00746;SINTECRIN ESMALTE TRIPLE ACCION GRUPO 2 X 1/4 VICUÑA;271,21424;140,09;;Duracril
1-00747;SINTECRIN ESMALTE TRIPLE ACCION GRUPO 2 X 20 NEGRO;11450,59905;5566,65;;Duracril
1-00748;SINTECRIN ESMALTE TRIPLE ACCION GRUPO 2 X 4  NEGRO MATE;2561,23241;1245,13;;Duracril
1-00749;SINTECRIN ESMALTE TRIPLE ACCION GRUPO 2 X 4 CEDRO;2508,01056;1295,46;;Duracril
1-00750;SINTECRIN ESMALTE TRIPLE ACCION GRUPO 2 X 4 GRIS ;2508,01056;1295,46;;Duracril
1-00751;SINTECRIN ESMALTE TRIPLE ACCION GRUPO 2 X 4 GRIS HIELO;2508,01056;1295,46;;Duracril
1-00752;SINTECRIN ESMALTE TRIPLE ACCION GRUPO 2 X 4 NEGRO ;2561,23241;1245,13;;Duracril
1-00753;SINTECRIN ESMALTE TRIPLE ACCION GRUPO 2 X 4 NEGRO MATE;2508,01056;1295,46;;Duracril
1-00754;SINTECRIN ESMALTE TRIPLE ACCION GRUPO 2 X 4 NEGRO SATINADO;2561,23241;1245,13;;Duracril
1-00755;SINTECRIN ESMALTE TRIPLE ACCION GRUPO 3 X 1 AMARILLO;1055,06192;544,97;;Duracril
1-00756;SINTECRIN ESMALTE TRIPLE ACCION GRUPO 3 X 1 AZUL MARINO;1055,06192;544,97;;Duracril
1-00757;SINTECRIN ESMALTE TRIPLE ACCION GRUPO 3 X 1 BERMELLON;1055,06192;544,97;;Duracril
1-00758;SINTECRIN ESMALTE TRIPLE ACCION GRUPO 3 X 1 CARMIN ;1055,06192;544,97;;Duracril
1-00759;SINTECRIN ESMALTE TRIPLE ACCION GRUPO 3 X 1 CASTAÑO;1055,06192;544,97;;Duracril
1-00760;SINTECRIN ESMALTE TRIPLE ACCION GRUPO 3 X 1 NARANJA;1055,06192;544,97;;Duracril
1-00761;SINTECRIN ESMALTE TRIPLE ACCION GRUPO 3 X 1 VERDE ILUSION;1055,06192;544,97;;Duracril
1-00762;SINTECRIN ESMALTE TRIPLE ACCION GRUPO 3 X 1 VERDE INGLES ;1055,06192;544,97;;Duracril
1-00763;SINTECRIN ESMALTE TRIPLE ACCION GRUPO 3 X 1 VERDE NOCHE;1055,06192;544,97;;Duracril
1-00764;SINTECRIN ESMALTE TRIPLE ACCION GRUPO 3 X 1 VIOLETA ;1055,06192;544,97;;Duracril
1-00765;SINTECRIN ESMALTE TRIPLE ACCION GRUPO 3 X 1/2 AMARILLO;625,77328;323,23;;Duracril
1-00766;SINTECRIN ESMALTE TRIPLE ACCION GRUPO 3 X 1/2 AZUL MARINO;625,77328;323,23;;Duracril
1-00767;SINTECRIN ESMALTE TRIPLE ACCION GRUPO 3 X 1/2 BERMELLON;625,77328;323,23;;Duracril
1-00768;SINTECRIN ESMALTE TRIPLE ACCION GRUPO 3 X 1/2 CARMIN;625,77328;323,23;;Duracril
1-00769;SINTECRIN ESMALTE TRIPLE ACCION GRUPO 3 X 1/2 NARANJA;625,77328;323,23;;Duracril
1-00770;SINTECRIN ESMALTE TRIPLE ACCION GRUPO 3 X 1/2 VERDE ESMERALDA ;625,77328;323,23;;Duracril
1-00771;SINTECRIN ESMALTE TRIPLE ACCION GRUPO 3 X 1/2 VERDE ILUSION;625,77328;323,23;;Duracril
1-00772;SINTECRIN ESMALTE TRIPLE ACCION GRUPO 3 X 1/2 VERDE NOCHE ;625,77328;323,23;;Duracril
1-00773;SINTECRIN ESMALTE TRIPLE ACCION GRUPO 3 X 1/4 AMARILLO;376,2616;194,35;;Duracril
1-00774;SINTECRIN ESMALTE TRIPLE ACCION GRUPO 3 X 1/4 AZUL MARINO;376,2616;194,35;;Duracril
1-00775;SINTECRIN ESMALTE TRIPLE ACCION GRUPO 3 X 1/4 BERMELLON;376,2616;194,35;;Duracril
1-00776;SINTECRIN ESMALTE TRIPLE ACCION GRUPO 3 X 1/4 CASTAÑO;376,2616;194,35;;Duracril
1-00777;SINTECRIN ESMALTE TRIPLE ACCION GRUPO 3 X 1/4 NARANJA;376,2616;194,35;;Duracril
1-00778;SINTECRIN ESMALTE TRIPLE ACCION GRUPO 3 X 1/4 VERDE INGLES;376,2616;194,35;;Duracril
1-00779;SINTECRIN ESMALTE TRIPLE ACCION GRUPO 3 X 1/4 VERDE NOCHE;376,2616;194,35;;Duracril
1-00780;SINTECRIN ESMALTE TRIPLE ACCION GRUPO 3 X 1/4 VIOLETA;376,2616;194,35;;Duracril
1-00781;SINTECRIN ESMALTE TRIPLE ACCION GRUPO 3 X 20 VERDE INGLES;20377,44423;9906,39;;Duracril
1-00782;SINTECRIN ESMALTE TRIPLE ACCION GRUPO 3 X 4  BERMELLON;4346,60556;2113,08;;Duracril
1-00783;SINTECRIN ESMALTE TRIPLE ACCION GRUPO 3 X 4 CARMIN;4090,92288;2113,08;;Duracril
1-00784;SINTECRIN ESMALTE TRIPLE ACCION GRUPO 3 X 4 CASTAÑO;4090,92288;2113,08;;Duracril
1-00785;SINTECRIN ESMALTE TRIPLE ACCION GRUPO 3 X 4 VERDE INGLES;4090,92288;2113,08;;Duracril
1-00786;SINTECRIN ESMALTE TRIPLE ACCION GRUPO 4 PIZARRON NEGRO X 1;1244,09296;642,61;;Duracril
1-00787;SINTECRIN ESMALTE TRIPLE ACCION GRUPO 4 PIZARRON NEGRO X 4 ;4504,8784;2326,9;;Duracril
1-00788;SINTECRIN ESMALTE TRIPLE ACCION GRUPO 4 PIZARRON ROJO X 1;1244,09296;642,61;;Duracril
1-00789;SINTECRIN ESMALTE TRIPLE ACCION GRUPO 4 PIZARRON ROJO X 1/4;402,12656;207,71;;Duracril
1-00790;SINTECRIN ESMALTE TRIPLE ACCION GRUPO 4 PIZARRON ROJO X 4 ;4504,8784;2326,9;;Duracril
1-00791;SINTECRIN ESMALTE TRIPLE ACCION GRUPO 4 PIZARRON VERDE X 4;4504,8784;2326,9;;Duracril
12-00792;SOPORTE TELESCOPICO STANLEY 114-289CM;7199,5;3500;;Accesorios
14-00793;SUPRABOND SELLADOR ACRILICO PINTABLE BLANCO;464,882;226;;Suprabond
14-00794;SUPRABOND SELLADOR ACRILICO PREMIUM JUNTAS Y FISURAS TRANSPARENTE;575,96;280;;Suprabond
14-00795;SUPRABOND SELLADOR DE CAUCHO PISCINAS AZUL;1057,298;514;;Suprabond
14-00796;SUPRABOND SELLADOR DE CAUCHO SINTETICO MULTIUSO BLANCO;1131,35;550;;Suprabond
14-00797;SUPRABOND SELLADOR DE CAUCHO SINTETICO MULTIUSO GRIS;1131,35;550;;Suprabond
14-00798;SUPRABOND SELLADOR DE MADERAS NOGAL;582,131;283;;Suprabond
14-00799;SUPRABOND SELLADOR DE MADERAS PINO;582,131;283;;Suprabond
14-00800;SUPRABOND SELLADOR DE METALES ZINGUERIA ALUMINIO;1001,759;487;;Suprabond
14-00801;SUPRABOND SELLADOR DE POLIURETANO GRIS;1532,465;745;;Suprabond
14-00802;SUPRABOND SELLADOR DE SILICONA BAÑOS Y COCINA TRANSPARENTE;892,738;434;;Suprabond
14-00803;SUPRABOND SELLADOR DE SILICONA NEUTRA CONSTRUCCION TRANSPARENTE;888,624;432;;Suprabond
14-00804;SUPRABOND SELLADOR DE SILICONA UNIVERSAL BLANCO;586,245;285;;Suprabond
14-00805;SUPRABOND SELLADOR DE SILICONA UNIVERSAL NEGRO;586,245;285;;Suprabond
14-00806;SUPRABOND SELLADOR DE SILICONA UNIVERSAL TRANSPARENTE;586,245;285;;Suprabond
6-00807;SURTIDO HOJA DE SIERRA METABO 10PZ;272,5888;128;;Metabo
1-00808;TACURU ADITIVO PLASTICO X 1 ;845,427;411;;Duracril
1-00809;TACURU ADITIVO PLASTICO X 4;3048,474;1482;;Duracril
6-00810;TALADRO ATORNILLADOR BATERIA METABO BS18 LT;37092,8617;17417,76;;Metabo
6-00811;TALADRO DE PERCUSION BATERIA METABO SB18L;54547,80866;25614,11;;Metabo
6-00812;TALADRO DE PERCUSION METABO SBE 650;18547,53824;8709,4;;Metabo
6-00813;TALADRO DE ROTACION  METABO BEV 1300-2;48003,2923;22540,99;;Metabo
2-00814;TEKNO PROTECTOR MADERA CAOBA X 1;1144,9262;556,6;;Tekno
2-00815;TEKNO PROTECTOR MADERA CAOBA X 4;4299,13;2090;;Tekno
2-00816;TEKNO PROTECTOR MADERA CEDRO X 1;1144,9262;556,6;;Tekno
2-00817;TEKNO PROTECTOR MADERA CEDRO X 4;4299,13;2090;;Tekno
2-00818;TEKNO PROTECTOR MADERA NATURAL X 1;1279,6234;556,6;;Tekno
2-00819;TEKNO PROTECTOR MADERA NATURAL X 20;21224,368;9232;;Tekno
2-00820;TEKNO PROTECTOR MADERA NATURAL X 4;4804,91;2090;;Tekno
2-00821;TEKNO PROTECTOR MADERA NOGAL X 1;1279,6234;556,6;;Tekno
2-00822;TEKNO PROTECTOR MADERA NOGAL X 4;4804,91;2090;;Tekno
2-00823;TEKNOLATEX COLOR AMARILLO ORO X 1;1026,7334;446,6;;Tekno
2-00824;TEKNOLATEX COLOR AMARILLO ORO X 1/2;604,4071;262,9;;Tekno
2-00825;TEKNOLATEX COLOR AMARILLO ORO X 4;3568,048;1552;;Tekno
2-00826;TEKNOLATEX COLOR AMARILLO X 1 ;1355,4904;589,6;;Tekno
2-00827;TEKNOLATEX COLOR AMARILLO X 1/2;804,1902;349,8;;Tekno
2-00828;TEKNOLATEX COLOR AMARILLO X 4;5352,072;2328;;Tekno
2-00829;TEKNOLATEX COLOR AZUL INTENSO X 1 ;1026,7334;446,6;;Tekno
2-00830;TEKNOLATEX COLOR AZUL INTENSO X 1/2;604,4071;262,9;;Tekno
2-00831;TEKNOLATEX COLOR AZUL INTENSO X 4;3568,048;1552;;Tekno
2-00832;TEKNOLATEX COLOR AZUL LAVANDA X 1 ;1026,7334;446,6;;Tekno
2-00833;TEKNOLATEX COLOR AZUL LAVANDA X 1/2;604,4071;262,9;;Tekno
2-00834;TEKNOLATEX COLOR AZUL LAVANDA X 4;3568,048;1552;;Tekno
2-00835;TEKNOLATEX COLOR AZUL X 1 ;1026,7334;446,6;;Tekno
2-00836;TEKNOLATEX COLOR AZUL X 1/2;604,4071;262,9;;Tekno
2-00837;TEKNOLATEX COLOR AZUL X 4;3568,048;1552;;Tekno
2-00838;TEKNOLATEX COLOR BERMELLON X 1 ;1355,4904;589,6;;Tekno
2-00839;TEKNOLATEX COLOR BERMELLON X 1/2;804,1902;349,8;;Tekno
2-00840;TEKNOLATEX COLOR BERMELLON X 4;5352,072;2328;;Tekno
2-00841;TEKNOLATEX COLOR CEMENTO X 1 ;882,5861;383,9;;Tekno
2-00842;TEKNOLATEX COLOR CEMENTO X 1/2;477,9621;207,9;;Tekno
2-00843;TEKNOLATEX COLOR CEMENTO X 4;2888,028;1326;;Tekno
2-00844;TEKNOLATEX COLOR LADRILLO X 1 ;836,1342;383,9;;Tekno
2-00845;TEKNOLATEX COLOR LADRILLO X 1/2;452,8062;207,9;;Tekno
2-00846;TEKNOLATEX COLOR LADRILLO X 4;2888,028;1326;;Tekno
2-00847;TEKNOLATEX COLOR MARRON X 1 ;836,1342;383,9;;Tekno
2-00848;TEKNOLATEX COLOR MARRON X 1/2;452,8062;207,9;;Tekno
2-00849;TEKNOLATEX COLOR MARRON X 4;2727,582;1326;;Tekno
2-00850;TEKNOLATEX COLOR NARANJA X 1 ;1219,5953;592,9;;Tekno
2-00851;TEKNOLATEX COLOR NARANJA X 1/2;719,5386;349,8;;Tekno
2-00852;TEKNOLATEX COLOR NARANJA X 4;4788,696;2328;;Tekno
2-00853;TEKNOLATEX COLOR OCRE X 1 ;789,6823;383,9;;Tekno
2-00854;TEKNOLATEX COLOR OCRE X 1/2;427,6503;207,9;;Tekno
2-00855;TEKNOLATEX COLOR OCRE X 4;3208,92;1326;;Tekno
2-00856;TEKNOLATEX COLOR ROJO OXIDO X 1 ;929,038;383,9;;Tekno
2-00857;TEKNOLATEX COLOR ROJO OXIDO X 1/2;503,118;207,9;;Tekno
2-00858;TEKNOLATEX COLOR ROJO OXIDO X 4;3208,92;1326;;Tekno
2-00859;TEKNOLATEX COLOR TEJA X 1 ;929,038;383,9;;Tekno
2-00860;TEKNOLATEX COLOR TEJA X 1/2;503,118;207,9;;Tekno
2-00861;TEKNOLATEX COLOR TEJA X 4;3208,92;1326;;Tekno
2-00862;TEKNOLATEX COLOR VERDE X 1;1434,818;592,9;;Tekno
2-00863;TEKNOLATEX COLOR VERDE X 1/2;846,516;349,8;;Tekno
2-00864;TEKNOLATEX COLOR VERDE X 4;5633,76;2328;;Tekno
2-00865;TEKNOLATEX FRENTE X 1;1086,096;448,8;;Tekno
2-00866;TEKNOLATEX FRENTE X 10;8692,64;3592;;Tekno
2-00867;TEKNOLATEX FRENTE X 20;15093,54;6237;;Tekno
2-00868;TEKNOLATEX FRENTE X 4;3719,54;1537;;Tekno
2-00869;TEKNOPLAST BLANCO X 1;966,306;399,3;;Tekno
2-00870;TEKNOPLAST BLANCO X 10;7257,58;2999;;Tekno
2-00871;TEKNOPLAST BLANCO X 20;13818,2;5710;;Tekno
2-00872;TEKNOPLAST BLANCO X 4;3025;1250;;Tekno
2-00873;TEKNOPLAST ECO MAX X 1;1019,546;421,3;;Tekno
2-00874;TEKNOPLAST ECO MAX X 10;7257,58;2999;;Tekno
2-00875;TEKNOPLAST ECO MAX X 20;15296,82;6321;;Tekno
2-00876;TEKNOPLAST ECO MAX X 4;3571,92;1476;;Tekno
2-00877;TEKNOPLAST TEJA X 1;1043,504;431,2;;Tekno
2-00878;TEKNOPLAST TEJA X 10;8627,3;3565;;Tekno
2-00879;TEKNOPLAST TEJA X 20;15788,08;6524;;Tekno
2-00880;TEKNOPLAST TEJA X 4;3692,92;1526;;Tekno
2-00881;TEKNOPLAST VERDE X 1 ;939,1536;431,2;;Tekno
2-00882;TEKNOPLAST VERDE X 10;8122,6332;3858;;Tekno
2-00883;TEKNOPLAST VERDE X 20;15354,9;7050;;Tekno
2-00884;TEKNOPLAST VERDE X 4 ;3323,628;1526;;Tekno
15-00885;TELA ESMERIL KL371 100 KLINGSPOR;165,78936;76,12;;Lijas
15-00886;TELA ESMERIL KL371 120 KLINGSPOR;165,78936;76,12;;Lijas
15-00887;TELA ESMERIL KL371 150 KLINGSPOR;165,78936;76,12;;Lijas
15-00888;TELA ESMERIL KL371 180 KLINGSPOR;165,795894;76,123;;Lijas
15-00889;TELA ESMERIL KL371 60 KLINGSPOR;201,44322;92,49;;Lijas
15-00890;TELA ESMERIL KL371 80 KLINGSPOR;165,78936;76,12;;Lijas
2-00891;TEXTURADO SOFIA 200 BEIGE X 30;11297,286;5187;;Tekno
2-00892;TEXTURADO SOFIA 200 BLANCO X 30;11297,286;5187;;Tekno
2-00893;TEXTURADO SOFIA 200 CEMENTO X 30;11297,286;5187;;Tekno
2-00894;TEXTURADO SOFIA 200 GRIS FANTASMA X 30;11297,286;5187;;Tekno
2-00895;TEXTURADO SOFIA 200 ROJO OXIDO X 30;11297,286;5187;;Tekno
2-00896;TEXTURADO SOFIA 200 X 15;5858,82;2690;;Tekno
2-00897;TEXTURADO SOFIA 200 X 6;2380,554;1093;;Tekno
11-00898;THINER X 1 ;326,7;150;;Diluyentes
12-00899;VENDAS X 1 M X 25M;761,09;370;;Accesorios
12-00900;VENDAS X 25 CM X 25 M;514,25;250;;Accesorios
3-00901;WALL LATEX TENDENCIA SATINADO COLOR  AMARILLO RADIANTE X 1;1126,026;517;;Wall
3-00902;WALL LATEX TENDENCIA SATINADO COLOR  AMARILLO RADIANTE X 4;4064,148;1866;;Wall
3-00903;WALL LATEX TENDENCIA SATINADO COLOR AZUL RENOVADOR X 1;1126,026;517;;Wall
3-00904;WALL LATEX TENDENCIA SATINADO COLOR AZUL RENOVADOR X 4;4064,148;1866;;Wall
3-00905;WALL LATEX TENDENCIA SATINADO COLOR BEIGE PLACENTERO X 1 ;1126,026;517;;Wall
3-00906;WALL LATEX TENDENCIA SATINADO COLOR BEIGE PLACENTERO X 4;4064,148;1866;;Wall
3-00907;WALL LATEX TENDENCIA SATINADO COLOR BLANCO ESPLENDIDO X 1 ;1126,026;517;;Wall
3-00908;WALL LATEX TENDENCIA SATINADO COLOR BLANCO ESPLENDIDO X 4;4064,148;1866;;Wall
3-00909;WALL LATEX TENDENCIA SATINADO COLOR BLANCO MAGNIFICO X 1;1126,026;517;;Wall
3-00910;WALL LATEX TENDENCIA SATINADO COLOR BLANCO MAGNIFICO X 4;4064,148;1866;;Wall
3-00911;WALL LATEX TENDENCIA SATINADO COLOR GRIS DOMINANTE X 1;1126,026;517;;Wall
3-00912;WALL LATEX TENDENCIA SATINADO COLOR GRIS DOMINANTE X 4;4064,148;1866;;Wall
3-00913;WALL LATEX TENDENCIA SATINADO COLOR MAGENTA EXOTICO X 1 ;1126,026;517;;Wall
3-00914;WALL LATEX TENDENCIA SATINADO COLOR MARRON SOFISTICADO X 1 ;1126,026;517;;Wall
3-00915;WALL LATEX TENDENCIA SATINADO COLOR MARRON SOFISTICADO X 4;4064,148;1866;;Wall
3-00916;WALL LATEX TENDENCIA SATINADO COLOR NARANJA VITAL X 1;1126,026;517;;Wall
3-00917;WALL LATEX TENDENCIA SATINADO COLOR NARANJA VITAL X 4;4064,148;1866;;Wall
3-00918;WALL LATEX TENDENCIA SATINADO COLOR ROJO EXITANTE X 1;1126,026;517;;Wall
3-00919;WALL LATEX TENDENCIA SATINADO COLOR ROJO EXITANTE X 4;4064,148;1866;;Wall
3-00920;WALL LATEX TENDENCIA SATINADO COLOR ROSA SOÑADO X 1;1126,026;517;;Wall
3-00921;WALL LATEX TENDENCIA SATINADO COLOR ROSA SOÑADO X 4;4064,148;1866;;Wall
3-00922;WALL LATEX TENDENCIA SATINADO COLOR TURQUESA FRESCO X 1;1126,026;517;;Wall
3-00923;WALL LATEX TENDENCIA SATINADO COLOR TURQUESA FRESCO X 4;4064,148;1866;;Wall
3-00924;WALL LATEX TENDENCIA SATINADO COLOR VERDE SALVAJE X 1 ;1126,026;517;;Wall
3-00925;WALL LATEX TENDENCIA SATINADO COLOR VERDE SALVAJE X 4;4064,148;1866;;Wall
3-00926;WALL LATEX TENDENCIA SATINADO COLOR VIOLETA MAJESTUOSO X 1;1126,026;517;;Wall
3-00927;WALL LATEX TENDENCIA SATINADO COLOR VIOLETA MAJESTUOSO X 4;4064,148;1866;;Wall
2-00928;ZT PRO LATEX PARA INTERIORES TEKNO X 10;3016,288;1558;;Tekno
2-00929;ZT PRO LATEX PARA INTERIORES TEKNO X 20;5773,152;2982;;Tekno
1-00930;MADERIN ACEITE DE LINO X 1;218,30336;112,76;;Duracril
1-00931;MADERIN ACEITE DE LINO X 4;728,55552;376,32;;Duracril
-00932;TEKNOLATEX COLOR NEGRO X 1/2;0;;;
-00933;TEKNOLATEX COLOR NEGRO X 1;0;;;
-00934;TEKNOLATEX COLOR NEGRO X 4;0;;;
-00935;ESMALTE SINTETICO TEKNO AZULEJO X 1;0;;;
-00936;ESMALTE SINTETICO TEKNO AZULEJO X 1/2;0;;;
-00937;ESMALTE SINTETICO TEKNO AZULEJO X 1/4;0;;;
-00938;HIDROTEK BERMELLON TEKNO X 1;0;;;
-00939;HIDROTEK BERMELLON TEKNO X 1/2;0;;;
-00940;HIDROTEK BERMELLON TEKNO X 4;0;;;
-00941;HIDROTEK AMARILLO TEKNO X 1;0;;;
-00942;HIDROTEK AMARILLO TEKNO X 1/2;0;;;
-00943;HIDROTEK AMARILLO TEKNO X 4;0;;;
-00944;HIDROTEK NEGRO TEKNO X 1;0;;;
-00945;HIDROTEK NEGRO TEKNO X 1/2;0;;;
-00946;HIDROTEK NEGRO TEKNO X 4;0;;;
-00947;HIDROTEK AZUL TEKNO X 1;0;;;
-00948;HIDROTEK AZUL TEKNO X 1/2;0;;;
-00949;HIDROTEK AZUL TEKNO X 4;0;;;
-00950;HIDROTEK VERDE  TEKNO X 1;0;;;
-00951;HIDROTEK VERDE TEKNO X 1/2;0;;;
-00952;HIDROTEK VERDE TEKNO X 4;0;;;
-00953;ESMALTE AL AGUA PARA PISCINA BLANCO X 4 ;0;;;
-00954;ESMALTE AL AGUA PARA PISCINA BLANCO X 10;0;;;
-00955;ESMALTE AL AGUA PARA PISCINA BLANCO X 20;0;;;
-00956;ESMALTE EPOXI CON SOLVENTE GRIS TEKNO X 4;0;;;
-00957;ESMALTE EPOXI CON SOLVENTE GRIS OSCURO TEKNO X 4;0;;;
-00958;ESMALTE EPOXI CON SOLVENTE GRIS TEKNO X 1;0;;;
-00959;ESMALTE EPOXI CON SOLVENTE GRIS OSCURO TEKNO X 1;0;;;
